"Step,""visionary-sweep-1 - Ensamble 0 - Summer predictions (24h) Hub: NP15"",""visionary-sweep-1 - Ensamble 0 - Summer predictions (24h) Hub: NP15__MIN"",""visionary-sweep-1 - Ensamble 0 - Summer predictions (24h) Hub: NP15__MAX"",""visionary-sweep-1 - Ensamble 1 - Summer predictions (24h) Hub: NP15"",""visionary-sweep-1 - Ensamble 1 - Summer predictions (24h) Hub: NP15__MIN"",""visionary-sweep-1 - Ensamble 1 - Summer predictions (24h) Hub: NP15__MAX"",""visionary-sweep-1 - Ensamble 2 - Summer predictions (24h) Hub: NP15"",""visionary-sweep-1 - Ensamble 2 - Summer predictions (24h) Hub: NP15__MIN"",""visionary-sweep-1 - Ensamble 2 - Summer predictions (24h) Hub: NP15__MAX"",""visionary-sweep-1 - Ensamble 3 - Summer predictions (24h) Hub: NP15"",""visionary-sweep-1 - Ensamble 3 - Summer predictions (24h) Hub: NP15__MIN"",""visionary-sweep-1 - Ensamble 3 - Summer predictions (24h) Hub: NP15__MAX"",""visionary-sweep-1 - Ensamble 4 - Summer predictions (24h) Hub: NP15"",""visionary-sweep-1 - Ensamble 4 - Summer predictions (24h) Hub: NP15__MIN"",""visionary-sweep-1 - Ensamble 4 - Summer predictions (24h) Hub: NP15__MAX"",""visionary-sweep-1 - Ensamble 0 - Summer targets (24h) Hub: NP15"",""visionary-sweep-1 - Ensamble 0 - Summer targets (24h) Hub: NP15__MIN"",""visionary-sweep-1 - Ensamble 0 - Summer targets (24h) Hub: NP15__MAX"""
"0,""22.274253845214844"",""22.274253845214844"",""22.274253845214844"",""21.35400390625"",""21.35400390625"",""21.35400390625"",""20.477811813354492"",""20.477811813354492"",""20.477811813354492"",""21.852916717529297"",""21.852916717529297"",""21.852916717529297"",""22.62136459350586"",""22.62136459350586"",""22.62136459350586"",""15.8100004196167"",""15.8100004196167"",""15.8100004196167"""
"1,""24.23137664794922"",""24.23137664794922"",""24.23137664794922"",""23.579069137573242"",""23.579069137573242"",""23.579069137573242"",""21.736127853393555"",""21.736127853393555"",""21.736127853393555"",""24.165515899658203"",""24.165515899658203"",""24.165515899658203"",""23.43065643310547"",""23.43065643310547"",""23.43065643310547"",""19.1299991607666"",""19.1299991607666"",""19.1299991607666"""
"2,""25.197580337524414"",""25.197580337524414"",""25.197580337524414"",""23.972673416137695"",""23.972673416137695"",""23.972673416137695"",""23.956377029418945"",""23.956377029418945"",""23.956377029418945"",""23.95712661743164"",""23.95712661743164"",""23.95712661743164"",""23.284120559692383"",""23.284120559692383"",""23.284120559692383"",""17.889999389648438"",""17.889999389648438"",""17.889999389648438"""
"3,""22.02253532409668"",""22.02253532409668"",""22.02253532409668"",""20.816221237182617"",""20.816221237182617"",""20.816221237182617"",""22.2940731048584"",""22.2940731048584"",""22.2940731048584"",""19.856996536254883"",""19.856996536254883"",""19.856996536254883"",""21.84559440612793"",""21.84559440612793"",""21.84559440612793"",""18.170000076293945"",""18.170000076293945"",""18.170000076293945"""
"4,""19.84449005126953"",""19.84449005126953"",""19.84449005126953"",""19.556060791015625"",""19.556060791015625"",""19.556060791015625"",""21.30797576904297"",""21.30797576904297"",""21.30797576904297"",""18.450927734375"",""18.450927734375"",""18.450927734375"",""20.319904327392578"",""20.319904327392578"",""20.319904327392578"",""17.200000762939453"",""17.200000762939453"",""17.200000762939453"""
"5,""18.36151885986328"",""18.36151885986328"",""18.36151885986328"",""18.58112907409668"",""18.58112907409668"",""18.58112907409668"",""19.333703994750977"",""19.333703994750977"",""19.333703994750977"",""17.597665786743164"",""17.597665786743164"",""17.597665786743164"",""19.006025314331055"",""19.006025314331055"",""19.006025314331055"",""17.25"",""17.25"",""17.25"""
"6,""17.57141876220703"",""17.57141876220703"",""17.57141876220703"",""17.177404403686523"",""17.177404403686523"",""17.177404403686523"",""17.63860511779785"",""17.63860511779785"",""17.63860511779785"",""17.138826370239258"",""17.138826370239258"",""17.138826370239258"",""18.653409957885742"",""18.653409957885742"",""18.653409957885742"",""17.6299991607666"",""17.6299991607666"",""17.6299991607666"""
"7,""17.049453735351562"",""17.049453735351562"",""17.049453735351562"",""17.191001892089844"",""17.191001892089844"",""17.191001892089844"",""14.742562294006348"",""14.742562294006348"",""14.742562294006348"",""15.496167182922363"",""15.496167182922363"",""15.496167182922363"",""17.83574676513672"",""17.83574676513672"",""17.83574676513672"",""15.770000457763672"",""15.770000457763672"",""15.770000457763672"""
"8,""15.701766014099121"",""15.701766014099121"",""15.701766014099121"",""16.74492645263672"",""16.74492645263672"",""16.74492645263672"",""12.49870777130127"",""12.49870777130127"",""12.49870777130127"",""14.633996963500977"",""14.633996963500977"",""14.633996963500977"",""16.805604934692383"",""16.805604934692383"",""16.805604934692383"",""10.960000038146973"",""10.960000038146973"",""10.960000038146973"""
"9,""14.795087814331055"",""14.795087814331055"",""14.795087814331055"",""16.241491317749023"",""16.241491317749023"",""16.241491317749023"",""10.582676887512207"",""10.582676887512207"",""10.582676887512207"",""13.153532981872559"",""13.153532981872559"",""13.153532981872559"",""16.560714721679688"",""16.560714721679688"",""16.560714721679688"",""3.369999885559082"",""3.369999885559082"",""3.369999885559082"""
"10,""13.299327850341797"",""13.299327850341797"",""13.299327850341797"",""15.320259094238281"",""15.320259094238281"",""15.320259094238281"",""9.026749610900879"",""9.026749610900879"",""9.026749610900879"",""11.934588432312012"",""11.934588432312012"",""11.934588432312012"",""15.52193832397461"",""15.52193832397461"",""15.52193832397461"",""7.78000020980835"",""7.78000020980835"",""7.78000020980835"""
"11,""12.194754600524902"",""12.194754600524902"",""12.194754600524902"",""14.229692459106445"",""14.229692459106445"",""14.229692459106445"",""8.120779991149902"",""8.120779991149902"",""8.120779991149902"",""11.002144813537598"",""11.002144813537598"",""11.002144813537598"",""14.950889587402344"",""14.950889587402344"",""14.950889587402344"",""8.739999771118164"",""8.739999771118164"",""8.739999771118164"""
"12,""12.387088775634766"",""12.387088775634766"",""12.387088775634766"",""14.87503433227539"",""14.87503433227539"",""14.87503433227539"",""9.099166870117188"",""9.099166870117188"",""9.099166870117188"",""13.694546699523926"",""13.694546699523926"",""13.694546699523926"",""15.650327682495117"",""15.650327682495117"",""15.650327682495117"",""11.1899995803833"",""11.1899995803833"",""11.1899995803833"""
"13,""12.985932350158691"",""12.985932350158691"",""12.985932350158691"",""16.315088272094727"",""16.315088272094727"",""16.315088272094727"",""10.768062591552734"",""10.768062591552734"",""10.768062591552734"",""14.698588371276855"",""14.698588371276855"",""14.698588371276855"",""16.907440185546875"",""16.907440185546875"",""16.907440185546875"",""12.4399995803833"",""12.4399995803833"",""12.4399995803833"""
"14,""13.546083450317383"",""13.546083450317383"",""13.546083450317383"",""17.291637420654297"",""17.291637420654297"",""17.291637420654297"",""12.587267875671387"",""12.587267875671387"",""12.587267875671387"",""16.117441177368164"",""16.117441177368164"",""16.117441177368164"",""18.0888614654541"",""18.0888614654541"",""18.0888614654541"",""13.140000343322754"",""13.140000343322754"",""13.140000343322754"""
"15,""15.019034385681152"",""15.019034385681152"",""15.019034385681152"",""18.35197639465332"",""18.35197639465332"",""18.35197639465332"",""14.500473022460938"",""14.500473022460938"",""14.500473022460938"",""18.516517639160156"",""18.516517639160156"",""18.516517639160156"",""19.6405086517334"",""19.6405086517334"",""19.6405086517334"",""14.510000228881836"",""14.510000228881836"",""14.510000228881836"""
"16,""17.095449447631836"",""17.095449447631836"",""17.095449447631836"",""19.24860382080078"",""19.24860382080078"",""19.24860382080078"",""16.66576385498047"",""16.66576385498047"",""16.66576385498047"",""21.13382339477539"",""21.13382339477539"",""21.13382339477539"",""21.85015296936035"",""21.85015296936035"",""21.85015296936035"",""16.049999237060547"",""16.049999237060547"",""16.049999237060547"""
"17,""20.489912033081055"",""20.489912033081055"",""20.489912033081055"",""20.899860382080078"",""20.899860382080078"",""20.899860382080078"",""20.117111206054688"",""20.117111206054688"",""20.117111206054688"",""23.63779640197754"",""23.63779640197754"",""23.63779640197754"",""23.820112228393555"",""23.820112228393555"",""23.820112228393555"",""14.640000343322754"",""14.640000343322754"",""14.640000343322754"""
"18,""24.40277862548828"",""24.40277862548828"",""24.40277862548828"",""23.230501174926758"",""23.230501174926758"",""23.230501174926758"",""24.509660720825195"",""24.509660720825195"",""24.509660720825195"",""25.981042861938477"",""25.981042861938477"",""25.981042861938477"",""25.719751358032227"",""25.719751358032227"",""25.719751358032227"",""20.729999542236328"",""20.729999542236328"",""20.729999542236328"""
"19,""28.325822830200195"",""28.325822830200195"",""28.325822830200195"",""25.658918380737305"",""25.658918380737305"",""25.658918380737305"",""28.22528076171875"",""28.22528076171875"",""28.22528076171875"",""29.050174713134766"",""29.050174713134766"",""29.050174713134766"",""27.350492477416992"",""27.350492477416992"",""27.350492477416992"",""28.030000686645508"",""28.030000686645508"",""28.030000686645508"""
"20,""31.183082580566406"",""31.183082580566406"",""31.183082580566406"",""27.670520782470703"",""27.670520782470703"",""27.670520782470703"",""30.207706451416016"",""30.207706451416016"",""30.207706451416016"",""30.966686248779297"",""30.966686248779297"",""30.966686248779297"",""28.359905242919922"",""28.359905242919922"",""28.359905242919922"",""32.95000076293945"",""32.95000076293945"",""32.95000076293945"""
"21,""32.69963455200195"",""32.69963455200195"",""32.69963455200195"",""29.072542190551758"",""29.072542190551758"",""29.072542190551758"",""30.37753677368164"",""30.37753677368164"",""30.37753677368164"",""29.64910316467285"",""29.64910316467285"",""29.64910316467285"",""29.11904525756836"",""29.11904525756836"",""29.11904525756836"",""33.04999923706055"",""33.04999923706055"",""33.04999923706055"""
"22,""32.79163360595703"",""32.79163360595703"",""32.79163360595703"",""28.22614097595215"",""28.22614097595215"",""28.22614097595215"",""28.28703498840332"",""28.28703498840332"",""28.28703498840332"",""25.867481231689453"",""25.867481231689453"",""25.867481231689453"",""29.331920623779297"",""29.331920623779297"",""29.331920623779297"",""27.700000762939453"",""27.700000762939453"",""27.700000762939453"""
"23,""31.23728370666504"",""31.23728370666504"",""31.23728370666504"",""24.475399017333984"",""24.475399017333984"",""24.475399017333984"",""25.01585578918457"",""25.01585578918457"",""25.01585578918457"",""21.896373748779297"",""21.896373748779297"",""21.896373748779297"",""28.74032974243164"",""28.74032974243164"",""28.74032974243164"",""28.309999465942383"",""28.309999465942383"",""28.309999465942383"""
"24,""21.767486572265625"",""21.767486572265625"",""21.767486572265625"",""21.274627685546875"",""21.274627685546875"",""21.274627685546875"",""21.523107528686523"",""21.523107528686523"",""21.523107528686523"",""20.744647979736328"",""20.744647979736328"",""20.744647979736328"",""22.698225021362305"",""22.698225021362305"",""22.698225021362305"",""20.09000015258789"",""20.09000015258789"",""20.09000015258789"""
"25,""19.189985275268555"",""19.189985275268555"",""19.189985275268555"",""18.295825958251953"",""18.295825958251953"",""18.295825958251953"",""18.404781341552734"",""18.404781341552734"",""18.404781341552734"",""18.638961791992188"",""18.638961791992188"",""18.638961791992188"",""19.757261276245117"",""19.757261276245117"",""19.757261276245117"",""17.940000534057617"",""17.940000534057617"",""17.940000534057617"""
"26,""19.210905075073242"",""19.210905075073242"",""19.210905075073242"",""18.382808685302734"",""18.382808685302734"",""18.382808685302734"",""18.250225067138672"",""18.250225067138672"",""18.250225067138672"",""18.464622497558594"",""18.464622497558594"",""18.464622497558594"",""20.40815544128418"",""20.40815544128418"",""20.40815544128418"",""17.969999313354492"",""17.969999313354492"",""17.969999313354492"""
"27,""19.151966094970703"",""19.151966094970703"",""19.151966094970703"",""18.244361877441406"",""18.244361877441406"",""18.244361877441406"",""18.41405487060547"",""18.41405487060547"",""18.41405487060547"",""18.42923927307129"",""18.42923927307129"",""18.42923927307129"",""20.666629791259766"",""20.666629791259766"",""20.666629791259766"",""17.440000534057617"",""17.440000534057617"",""17.440000534057617"""
"28,""19.413801193237305"",""19.413801193237305"",""19.413801193237305"",""18.35262680053711"",""18.35262680053711"",""18.35262680053711"",""18.743330001831055"",""18.743330001831055"",""18.743330001831055"",""18.7791805267334"",""18.7791805267334"",""18.7791805267334"",""20.848386764526367"",""20.848386764526367"",""20.848386764526367"",""17.8799991607666"",""17.8799991607666"",""17.8799991607666"""
"29,""19.175247192382812"",""19.175247192382812"",""19.175247192382812"",""18.248056411743164"",""18.248056411743164"",""18.248056411743164"",""18.748432159423828"",""18.748432159423828"",""18.748432159423828"",""18.795562744140625"",""18.795562744140625"",""18.795562744140625"",""20.58277702331543"",""20.58277702331543"",""20.58277702331543"",""17.479999542236328"",""17.479999542236328"",""17.479999542236328"""
"30,""18.425457000732422"",""18.425457000732422"",""18.425457000732422"",""17.403640747070312"",""17.403640747070312"",""17.403640747070312"",""17.762182235717773"",""17.762182235717773"",""17.762182235717773"",""17.759716033935547"",""17.759716033935547"",""17.759716033935547"",""19.730445861816406"",""19.730445861816406"",""19.730445861816406"",""18.479999542236328"",""18.479999542236328"",""18.479999542236328"""
"31,""17.00767707824707"",""17.00767707824707"",""17.00767707824707"",""16.149015426635742"",""16.149015426635742"",""16.149015426635742"",""15.504766464233398"",""15.504766464233398"",""15.504766464233398"",""16.27202033996582"",""16.27202033996582"",""16.27202033996582"",""17.806806564331055"",""17.806806564331055"",""17.806806564331055"",""17.010000228881836"",""17.010000228881836"",""17.010000228881836"""
"32,""14.7498140335083"",""14.7498140335083"",""14.7498140335083"",""14.054065704345703"",""14.054065704345703"",""14.054065704345703"",""12.852885246276855"",""12.852885246276855"",""12.852885246276855"",""13.877457618713379"",""13.877457618713379"",""13.877457618713379"",""15.598078727722168"",""15.598078727722168"",""15.598078727722168"",""13.800000190734863"",""13.800000190734863"",""13.800000190734863"""
"33,""11.903529167175293"",""11.903529167175293"",""11.903529167175293"",""11.84501838684082"",""11.84501838684082"",""11.84501838684082"",""10.242515563964844"",""10.242515563964844"",""10.242515563964844"",""11.277627944946289"",""11.277627944946289"",""11.277627944946289"",""13.37718391418457"",""13.37718391418457"",""13.37718391418457"",""11.079999923706055"",""11.079999923706055"",""11.079999923706055"""
"34,""9.338469505310059"",""9.338469505310059"",""9.338469505310059"",""9.350780487060547"",""9.350780487060547"",""9.350780487060547"",""8.510547637939453"",""8.510547637939453"",""8.510547637939453"",""8.862016677856445"",""8.862016677856445"",""8.862016677856445"",""10.941515922546387"",""10.941515922546387"",""10.941515922546387"",""11.069999694824219"",""11.069999694824219"",""11.069999694824219"""
"35,""7.451812267303467"",""7.451812267303467"",""7.451812267303467"",""7.411593437194824"",""7.411593437194824"",""7.411593437194824"",""7.254876136779785"",""7.254876136779785"",""7.254876136779785"",""7.2077956199646"",""7.2077956199646"",""7.2077956199646"",""9.196256637573242"",""9.196256637573242"",""9.196256637573242"",""11.5600004196167"",""11.5600004196167"",""11.5600004196167"""
"36,""7.72706413269043"",""7.72706413269043"",""7.72706413269043"",""7.224276542663574"",""7.224276542663574"",""7.224276542663574"",""7.917250633239746"",""7.917250633239746"",""7.917250633239746"",""6.9583048820495605"",""6.9583048820495605"",""6.9583048820495605"",""9.455850601196289"",""9.455850601196289"",""9.455850601196289"",""12.420000076293945"",""12.420000076293945"",""12.420000076293945"""
"37,""8.698346138000488"",""8.698346138000488"",""8.698346138000488"",""8.156898498535156"",""8.156898498535156"",""8.156898498535156"",""10.142132759094238"",""10.142132759094238"",""10.142132759094238"",""8.49223518371582"",""8.49223518371582"",""8.49223518371582"",""10.341593742370605"",""10.341593742370605"",""10.341593742370605"",""14.479999542236328"",""14.479999542236328"",""14.479999542236328"""
"38,""10.121471405029297"",""10.121471405029297"",""10.121471405029297"",""9.804291725158691"",""9.804291725158691"",""9.804291725158691"",""12.338241577148438"",""12.338241577148438"",""12.338241577148438"",""10.212372779846191"",""10.212372779846191"",""10.212372779846191"",""12.331451416015625"",""12.331451416015625"",""12.331451416015625"",""16.389999389648438"",""16.389999389648438"",""16.389999389648438"""
"39,""12.229745864868164"",""12.229745864868164"",""12.229745864868164"",""12.342820167541504"",""12.342820167541504"",""12.342820167541504"",""14.116523742675781"",""14.116523742675781"",""14.116523742675781"",""13.142698287963867"",""13.142698287963867"",""13.142698287963867"",""14.89694595336914"",""14.89694595336914"",""14.89694595336914"",""17.389999389648438"",""17.389999389648438"",""17.389999389648438"""
"40,""15.078401565551758"",""15.078401565551758"",""15.078401565551758"",""15.942971229553223"",""15.942971229553223"",""15.942971229553223"",""16.799814224243164"",""16.799814224243164"",""16.799814224243164"",""18.406763076782227"",""18.406763076782227"",""18.406763076782227"",""18.12190818786621"",""18.12190818786621"",""18.12190818786621"",""17.860000610351562"",""17.860000610351562"",""17.860000610351562"""
"41,""18.15143585205078"",""18.15143585205078"",""18.15143585205078"",""20.149944305419922"",""20.149944305419922"",""20.149944305419922"",""19.029375076293945"",""19.029375076293945"",""19.029375076293945"",""23.107467651367188"",""23.107467651367188"",""23.107467651367188"",""21.90854835510254"",""21.90854835510254"",""21.90854835510254"",""19.790000915527344"",""19.790000915527344"",""19.790000915527344"""
"42,""22.787614822387695"",""22.787614822387695"",""22.787614822387695"",""24.301959991455078"",""24.301959991455078"",""24.301959991455078"",""22.441518783569336"",""22.441518783569336"",""22.441518783569336"",""27.579254150390625"",""27.579254150390625"",""27.579254150390625"",""26.046533584594727"",""26.046533584594727"",""26.046533584594727"",""29.850000381469727"",""29.850000381469727"",""29.850000381469727"""
"43,""29.03805923461914"",""29.03805923461914"",""29.03805923461914"",""28.241249084472656"",""28.241249084472656"",""28.241249084472656"",""26.202058792114258"",""26.202058792114258"",""26.202058792114258"",""31.84002113342285"",""31.84002113342285"",""31.84002113342285"",""29.902799606323242"",""29.902799606323242"",""29.902799606323242"",""33.529998779296875"",""33.529998779296875"",""33.529998779296875"""
"44,""33.0040283203125"",""33.0040283203125"",""33.0040283203125"",""31.15762710571289"",""31.15762710571289"",""31.15762710571289"",""30.309894561767578"",""30.309894561767578"",""30.309894561767578"",""32.79936981201172"",""32.79936981201172"",""32.79936981201172"",""32.67007827758789"",""32.67007827758789"",""32.67007827758789"",""43.97999954223633"",""43.97999954223633"",""43.97999954223633"""
"45,""32.9127197265625"",""32.9127197265625"",""32.9127197265625"",""31.55597496032715"",""31.55597496032715"",""31.55597496032715"",""29.50728988647461"",""29.50728988647461"",""29.50728988647461"",""29.575916290283203"",""29.575916290283203"",""29.575916290283203"",""32.64310073852539"",""32.64310073852539"",""32.64310073852539"",""36.68000030517578"",""36.68000030517578"",""36.68000030517578"""
"46,""29.05385971069336"",""29.05385971069336"",""29.05385971069336"",""29.28706932067871"",""29.28706932067871"",""29.28706932067871"",""25.426856994628906"",""25.426856994628906"",""25.426856994628906"",""24.978736877441406"",""24.978736877441406"",""24.978736877441406"",""29.040489196777344"",""29.040489196777344"",""29.040489196777344"",""32.959999084472656"",""32.959999084472656"",""32.959999084472656"""
"47,""24.600711822509766"",""24.600711822509766"",""24.600711822509766"",""24.904052734375"",""24.904052734375"",""24.904052734375"",""22.562780380249023"",""22.562780380249023"",""22.562780380249023"",""21.895244598388672"",""21.895244598388672"",""21.895244598388672"",""25.824838638305664"",""25.824838638305664"",""25.824838638305664"",""25.139999389648438"",""25.139999389648438"",""25.139999389648438"""
"48,""21.480579376220703"",""21.480579376220703"",""21.480579376220703"",""22.1763858795166"",""22.1763858795166"",""22.1763858795166"",""20.396520614624023"",""20.396520614624023"",""20.396520614624023"",""22.68597412109375"",""22.68597412109375"",""22.68597412109375"",""20.737476348876953"",""20.737476348876953"",""20.737476348876953"",""23.520000457763672"",""23.520000457763672"",""23.520000457763672"""
"49,""20.37823486328125"",""20.37823486328125"",""20.37823486328125"",""20.590091705322266"",""20.590091705322266"",""20.590091705322266"",""17.896047592163086"",""17.896047592163086"",""17.896047592163086"",""20.962100982666016"",""20.962100982666016"",""20.962100982666016"",""18.19982147216797"",""18.19982147216797"",""18.19982147216797"",""19.09000015258789"",""19.09000015258789"",""19.09000015258789"""
"50,""18.597925186157227"",""18.597925186157227"",""18.597925186157227"",""19.597408294677734"",""19.597408294677734"",""19.597408294677734"",""17.50628662109375"",""17.50628662109375"",""17.50628662109375"",""19.339874267578125"",""19.339874267578125"",""19.339874267578125"",""18.36052703857422"",""18.36052703857422"",""18.36052703857422"",""17.360000610351562"",""17.360000610351562"",""17.360000610351562"""
"51,""17.851823806762695"",""17.851823806762695"",""17.851823806762695"",""18.967538833618164"",""18.967538833618164"",""18.967538833618164"",""17.421688079833984"",""17.421688079833984"",""17.421688079833984"",""18.223499298095703"",""18.223499298095703"",""18.223499298095703"",""17.84378433227539"",""17.84378433227539"",""17.84378433227539"",""16.290000915527344"",""16.290000915527344"",""16.290000915527344"""
"52,""17.787870407104492"",""17.787870407104492"",""17.787870407104492"",""18.362869262695312"",""18.362869262695312"",""18.362869262695312"",""17.44612693786621"",""17.44612693786621"",""17.44612693786621"",""17.76329803466797"",""17.76329803466797"",""17.76329803466797"",""17.661087036132812"",""17.661087036132812"",""17.661087036132812"",""17.110000610351562"",""17.110000610351562"",""17.110000610351562"""
"53,""18.877626419067383"",""18.877626419067383"",""18.877626419067383"",""18.17607879638672"",""18.17607879638672"",""18.17607879638672"",""17.198280334472656"",""17.198280334472656"",""17.198280334472656"",""17.22979164123535"",""17.22979164123535"",""17.22979164123535"",""17.717662811279297"",""17.717662811279297"",""17.717662811279297"",""17.559999465942383"",""17.559999465942383"",""17.559999465942383"""
"54,""19.964162826538086"",""19.964162826538086"",""19.964162826538086"",""17.967742919921875"",""17.967742919921875"",""17.967742919921875"",""18.210527420043945"",""18.210527420043945"",""18.210527420043945"",""18.933773040771484"",""18.933773040771484"",""18.933773040771484"",""19.416858673095703"",""19.416858673095703"",""19.416858673095703"",""19.799999237060547"",""19.799999237060547"",""19.799999237060547"""
"55,""21.121246337890625"",""21.121246337890625"",""21.121246337890625"",""19.126270294189453"",""19.126270294189453"",""19.126270294189453"",""19.31715965270996"",""19.31715965270996"",""19.31715965270996"",""20.578821182250977"",""20.578821182250977"",""20.578821182250977"",""20.635692596435547"",""20.635692596435547"",""20.635692596435547"",""18.420000076293945"",""18.420000076293945"",""18.420000076293945"""
"56,""22.23247528076172"",""22.23247528076172"",""22.23247528076172"",""20.838436126708984"",""20.838436126708984"",""20.838436126708984"",""20.66006088256836"",""20.66006088256836"",""20.66006088256836"",""23.044313430786133"",""23.044313430786133"",""23.044313430786133"",""21.633953094482422"",""21.633953094482422"",""21.633953094482422"",""22.520000457763672"",""22.520000457763672"",""22.520000457763672"""
"57,""23.919919967651367"",""23.919919967651367"",""23.919919967651367"",""25.119083404541016"",""25.119083404541016"",""25.119083404541016"",""22.670562744140625"",""22.670562744140625"",""22.670562744140625"",""27.110078811645508"",""27.110078811645508"",""27.110078811645508"",""23.511507034301758"",""23.511507034301758"",""23.511507034301758"",""28.690000534057617"",""28.690000534057617"",""28.690000534057617"""
"58,""24.44550323486328"",""24.44550323486328"",""24.44550323486328"",""27.971538543701172"",""27.971538543701172"",""27.971538543701172"",""23.89078140258789"",""23.89078140258789"",""23.89078140258789"",""25.053836822509766"",""25.053836822509766"",""25.053836822509766"",""27.01573944091797"",""27.01573944091797"",""27.01573944091797"",""26.190000534057617"",""26.190000534057617"",""26.190000534057617"""
"59,""30.30634117126465"",""30.30634117126465"",""30.30634117126465"",""33.79914474487305"",""33.79914474487305"",""33.79914474487305"",""28.76853370666504"",""28.76853370666504"",""28.76853370666504"",""28.02153778076172"",""28.02153778076172"",""28.02153778076172"",""30.128761291503906"",""30.128761291503906"",""30.128761291503906"",""23.229999542236328"",""23.229999542236328"",""23.229999542236328"""
"60,""27.19923210144043"",""27.19923210144043"",""27.19923210144043"",""32.80710220336914"",""32.80710220336914"",""32.80710220336914"",""26.605661392211914"",""26.605661392211914"",""26.605661392211914"",""31.148155212402344"",""31.148155212402344"",""31.148155212402344"",""28.235261917114258"",""28.235261917114258"",""28.235261917114258"",""21.389999389648438"",""21.389999389648438"",""21.389999389648438"""
"61,""24.045551300048828"",""24.045551300048828"",""24.045551300048828"",""26.736648559570312"",""26.736648559570312"",""26.736648559570312"",""22.12181282043457"",""22.12181282043457"",""22.12181282043457"",""25.60933494567871"",""25.60933494567871"",""25.60933494567871"",""25.254453659057617"",""25.254453659057617"",""25.254453659057617"",""21.68000030517578"",""21.68000030517578"",""21.68000030517578"""
"62,""21.486852645874023"",""21.486852645874023"",""21.486852645874023"",""22.381046295166016"",""22.381046295166016"",""22.381046295166016"",""19.604482650756836"",""19.604482650756836"",""19.604482650756836"",""22.222579956054688"",""22.222579956054688"",""22.222579956054688"",""22.372644424438477"",""22.372644424438477"",""22.372644424438477"",""21.360000610351562"",""21.360000610351562"",""21.360000610351562"""
"63,""20.774845123291016"",""20.774845123291016"",""20.774845123291016"",""21.071929931640625"",""21.071929931640625"",""21.071929931640625"",""17.8528995513916"",""17.8528995513916"",""17.8528995513916"",""19.669633865356445"",""19.669633865356445"",""19.669633865356445"",""21.23133087158203"",""21.23133087158203"",""21.23133087158203"",""19.829999923706055"",""19.829999923706055"",""19.829999923706055"""
"64,""20.669462203979492"",""20.669462203979492"",""20.669462203979492"",""18.517934799194336"",""18.517934799194336"",""18.517934799194336"",""16.426807403564453"",""16.426807403564453"",""16.426807403564453"",""18.75957489013672"",""18.75957489013672"",""18.75957489013672"",""20.35645294189453"",""20.35645294189453"",""20.35645294189453"",""20.18000030517578"",""20.18000030517578"",""20.18000030517578"""
"65,""21.035240173339844"",""21.035240173339844"",""21.035240173339844"",""18.203720092773438"",""18.203720092773438"",""18.203720092773438"",""15.651596069335938"",""15.651596069335938"",""15.651596069335938"",""18.28589630126953"",""18.28589630126953"",""18.28589630126953"",""20.673370361328125"",""20.673370361328125"",""20.673370361328125"",""19.489999771118164"",""19.489999771118164"",""19.489999771118164"""
"66,""21.329448699951172"",""21.329448699951172"",""21.329448699951172"",""17.811677932739258"",""17.811677932739258"",""17.811677932739258"",""15.294232368469238"",""15.294232368469238"",""15.294232368469238"",""18.229347229003906"",""18.229347229003906"",""18.229347229003906"",""20.658605575561523"",""20.658605575561523"",""20.658605575561523"",""18.809999465942383"",""18.809999465942383"",""18.809999465942383"""
"67,""20.793745040893555"",""20.793745040893555"",""20.793745040893555"",""17.70949935913086"",""17.70949935913086"",""17.70949935913086"",""15.466933250427246"",""15.466933250427246"",""15.466933250427246"",""18.616199493408203"",""18.616199493408203"",""18.616199493408203"",""20.6287899017334"",""20.6287899017334"",""20.6287899017334"",""17.280000686645508"",""17.280000686645508"",""17.280000686645508"""
"68,""20.931760787963867"",""20.931760787963867"",""20.931760787963867"",""18.338092803955078"",""18.338092803955078"",""18.338092803955078"",""16.082761764526367"",""16.082761764526367"",""16.082761764526367"",""19.036848068237305"",""19.036848068237305"",""19.036848068237305"",""20.33380889892578"",""20.33380889892578"",""20.33380889892578"",""17.950000762939453"",""17.950000762939453"",""17.950000762939453"""
"69,""21.01862907409668"",""21.01862907409668"",""21.01862907409668"",""19.01999855041504"",""19.01999855041504"",""19.01999855041504"",""16.694026947021484"",""16.694026947021484"",""16.694026947021484"",""19.270648956298828"",""19.270648956298828"",""19.270648956298828"",""19.954309463500977"",""19.954309463500977"",""19.954309463500977"",""18.520000457763672"",""18.520000457763672"",""18.520000457763672"""
"70,""22.321880340576172"",""22.321880340576172"",""22.321880340576172"",""20.889846801757812"",""20.889846801757812"",""20.889846801757812"",""18.030574798583984"",""18.030574798583984"",""18.030574798583984"",""20.27232551574707"",""20.27232551574707"",""20.27232551574707"",""20.9454288482666"",""20.9454288482666"",""20.9454288482666"",""18.6200008392334"",""18.6200008392334"",""18.6200008392334"""
"71,""22.774045944213867"",""22.774045944213867"",""22.774045944213867"",""21.673343658447266"",""21.673343658447266"",""21.673343658447266"",""19.6191349029541"",""19.6191349029541"",""19.6191349029541"",""20.09304428100586"",""20.09304428100586"",""20.09304428100586"",""20.602933883666992"",""20.602933883666992"",""20.602933883666992"",""20.979999542236328"",""20.979999542236328"",""20.979999542236328"""
"72,""21.12896156311035"",""21.12896156311035"",""21.12896156311035"",""21.491561889648438"",""21.491561889648438"",""21.491561889648438"",""21.77424430847168"",""21.77424430847168"",""21.77424430847168"",""22.083629608154297"",""22.083629608154297"",""22.083629608154297"",""21.700708389282227"",""21.700708389282227"",""21.700708389282227"",""20.399999618530273"",""20.399999618530273"",""20.399999618530273"""
"73,""21.28069305419922"",""21.28069305419922"",""21.28069305419922"",""24.525474548339844"",""24.525474548339844"",""24.525474548339844"",""22.803937911987305"",""22.803937911987305"",""22.803937911987305"",""23.12298011779785"",""23.12298011779785"",""23.12298011779785"",""22.611059188842773"",""22.611059188842773"",""22.611059188842773"",""22.079999923706055"",""22.079999923706055"",""22.079999923706055"""
"74,""21.733762741088867"",""21.733762741088867"",""21.733762741088867"",""29.289636611938477"",""29.289636611938477"",""29.289636611938477"",""24.705537796020508"",""24.705537796020508"",""24.705537796020508"",""24.474220275878906"",""24.474220275878906"",""24.474220275878906"",""23.431499481201172"",""23.431499481201172"",""23.431499481201172"",""20.549999237060547"",""20.549999237060547"",""20.549999237060547"""
"75,""21.504634857177734"",""21.504634857177734"",""21.504634857177734"",""33.76253128051758"",""33.76253128051758"",""33.76253128051758"",""26.009061813354492"",""26.009061813354492"",""26.009061813354492"",""25.472442626953125"",""25.472442626953125"",""25.472442626953125"",""24.4514102935791"",""24.4514102935791"",""24.4514102935791"",""23.09000015258789"",""23.09000015258789"",""23.09000015258789"""
"76,""22.247989654541016"",""22.247989654541016"",""22.247989654541016"",""40.71870422363281"",""40.71870422363281"",""40.71870422363281"",""30.21506118774414"",""30.21506118774414"",""30.21506118774414"",""28.851642608642578"",""28.851642608642578"",""28.851642608642578"",""28.823392868041992"",""28.823392868041992"",""28.823392868041992"",""38.560001373291016"",""38.560001373291016"",""38.560001373291016"""
"77,""24.450777053833008"",""24.450777053833008"",""24.450777053833008"",""41.42127990722656"",""41.42127990722656"",""41.42127990722656"",""33.3112678527832"",""33.3112678527832"",""33.3112678527832"",""30.325489044189453"",""30.325489044189453"",""30.325489044189453"",""32.74689865112305"",""32.74689865112305"",""32.74689865112305"",""56.2599983215332"",""56.2599983215332"",""56.2599983215332"""
"78,""29.055070877075195"",""29.055070877075195"",""29.055070877075195"",""42.70854949951172"",""42.70854949951172"",""42.70854949951172"",""39.26004409790039"",""39.26004409790039"",""39.26004409790039"",""33.25967788696289"",""33.25967788696289"",""33.25967788696289"",""34.735294342041016"",""34.735294342041016"",""34.735294342041016"",""116.4000015258789"",""116.4000015258789"",""116.4000015258789"""
"79,""32.2120475769043"",""32.2120475769043"",""32.2120475769043"",""39.3753547668457"",""39.3753547668457"",""39.3753547668457"",""41.1535530090332"",""41.1535530090332"",""41.1535530090332"",""33.678871154785156"",""33.678871154785156"",""33.678871154785156"",""34.92741775512695"",""34.92741775512695"",""34.92741775512695"",""44.349998474121094"",""44.349998474121094"",""44.349998474121094"""
"80,""33.105228424072266"",""33.105228424072266"",""33.105228424072266"",""33.89883041381836"",""33.89883041381836"",""33.89883041381836"",""37.09928512573242"",""37.09928512573242"",""37.09928512573242"",""28.83120346069336"",""28.83120346069336"",""28.83120346069336"",""32.82451248168945"",""32.82451248168945"",""32.82451248168945"",""35.70000076293945"",""35.70000076293945"",""35.70000076293945"""
"81,""28.71039581298828"",""28.71039581298828"",""28.71039581298828"",""26.525999069213867"",""26.525999069213867"",""26.525999069213867"",""29.66933250427246"",""29.66933250427246"",""29.66933250427246"",""22.098037719726562"",""22.098037719726562"",""22.098037719726562"",""26.966083526611328"",""26.966083526611328"",""26.966083526611328"",""22.799999237060547"",""22.799999237060547"",""22.799999237060547"""
"82,""22.774057388305664"",""22.774057388305664"",""22.774057388305664"",""22.853010177612305"",""22.853010177612305"",""22.853010177612305"",""24.390758514404297"",""24.390758514404297"",""24.390758514404297"",""20.10991668701172"",""20.10991668701172"",""20.10991668701172"",""22.246095657348633"",""22.246095657348633"",""22.246095657348633"",""23.09000015258789"",""23.09000015258789"",""23.09000015258789"""
"83,""20.568944931030273"",""20.568944931030273"",""20.568944931030273"",""22.055761337280273"",""22.055761337280273"",""22.055761337280273"",""20.849653244018555"",""20.849653244018555"",""20.849653244018555"",""19.174381256103516"",""19.174381256103516"",""19.174381256103516"",""20.86942481994629"",""20.86942481994629"",""20.86942481994629"",""21.950000762939453"",""21.950000762939453"",""21.950000762939453"""
"84,""19.320093154907227"",""19.320093154907227"",""19.320093154907227"",""20.74162483215332"",""20.74162483215332"",""20.74162483215332"",""18.967967987060547"",""18.967967987060547"",""18.967967987060547"",""18.369321823120117"",""18.369321823120117"",""18.369321823120117"",""19.93079948425293"",""19.93079948425293"",""19.93079948425293"",""21.6299991607666"",""21.6299991607666"",""21.6299991607666"""
"85,""18.67494010925293"",""18.67494010925293"",""18.67494010925293"",""19.663419723510742"",""19.663419723510742"",""19.663419723510742"",""17.763185501098633"",""17.763185501098633"",""17.763185501098633"",""18.040767669677734"",""18.040767669677734"",""18.040767669677734"",""19.292482376098633"",""19.292482376098633"",""19.292482376098633"",""23.270000457763672"",""23.270000457763672"",""23.270000457763672"""
"86,""18.488039016723633"",""18.488039016723633"",""18.488039016723633"",""18.94459342956543"",""18.94459342956543"",""18.94459342956543"",""16.721952438354492"",""16.721952438354492"",""16.721952438354492"",""17.40969467163086"",""17.40969467163086"",""17.40969467163086"",""18.884855270385742"",""18.884855270385742"",""18.884855270385742"",""22.6299991607666"",""22.6299991607666"",""22.6299991607666"""
"87,""18.703706741333008"",""18.703706741333008"",""18.703706741333008"",""17.78468132019043"",""17.78468132019043"",""17.78468132019043"",""16.15152931213379"",""16.15152931213379"",""16.15152931213379"",""17.34020233154297"",""17.34020233154297"",""17.34020233154297"",""19.111656188964844"",""19.111656188964844"",""19.111656188964844"",""20.610000610351562"",""20.610000610351562"",""20.610000610351562"""
"88,""18.558975219726562"",""18.558975219726562"",""18.558975219726562"",""17.01667594909668"",""17.01667594909668"",""17.01667594909668"",""16.181360244750977"",""16.181360244750977"",""16.181360244750977"",""16.334747314453125"",""16.334747314453125"",""16.334747314453125"",""18.87607192993164"",""18.87607192993164"",""18.87607192993164"",""20.350000381469727"",""20.350000381469727"",""20.350000381469727"""
"89,""18.59817123413086"",""18.59817123413086"",""18.59817123413086"",""17.04732894897461"",""17.04732894897461"",""17.04732894897461"",""16.8775634765625"",""16.8775634765625"",""16.8775634765625"",""16.664306640625"",""16.664306640625"",""16.664306640625"",""19.00170135498047"",""19.00170135498047"",""19.00170135498047"",""20.209999084472656"",""20.209999084472656"",""20.209999084472656"""
"90,""18.873714447021484"",""18.873714447021484"",""18.873714447021484"",""17.66495704650879"",""17.66495704650879"",""17.66495704650879"",""17.463546752929688"",""17.463546752929688"",""17.463546752929688"",""17.543657302856445"",""17.543657302856445"",""17.543657302856445"",""18.87942123413086"",""18.87942123413086"",""18.87942123413086"",""21.1299991607666"",""21.1299991607666"",""21.1299991607666"""
"91,""19.88633918762207"",""19.88633918762207"",""19.88633918762207"",""19.60676383972168"",""19.60676383972168"",""19.60676383972168"",""19.42769432067871"",""19.42769432067871"",""19.42769432067871"",""19.413860321044922"",""19.413860321044922"",""19.413860321044922"",""20.303695678710938"",""20.303695678710938"",""20.303695678710938"",""23.90999984741211"",""23.90999984741211"",""23.90999984741211"""
"92,""20.18932342529297"",""20.18932342529297"",""20.18932342529297"",""20.28783416748047"",""20.28783416748047"",""20.28783416748047"",""20.56171226501465"",""20.56171226501465"",""20.56171226501465"",""20.38327407836914"",""20.38327407836914"",""20.38327407836914"",""20.339624404907227"",""20.339624404907227"",""20.339624404907227"",""27.809999465942383"",""27.809999465942383"",""27.809999465942383"""
"93,""20.756521224975586"",""20.756521224975586"",""20.756521224975586"",""21.046403884887695"",""21.046403884887695"",""21.046403884887695"",""22.579814910888672"",""22.579814910888672"",""22.579814910888672"",""21.749155044555664"",""21.749155044555664"",""21.749155044555664"",""21.29271697998047"",""21.29271697998047"",""21.29271697998047"",""32.43000030517578"",""32.43000030517578"",""32.43000030517578"""
"94,""21.617563247680664"",""21.617563247680664"",""21.617563247680664"",""21.99582862854004"",""21.99582862854004"",""21.99582862854004"",""23.89878273010254"",""23.89878273010254"",""23.89878273010254"",""23.353979110717773"",""23.353979110717773"",""23.353979110717773"",""22.2219181060791"",""22.2219181060791"",""22.2219181060791"",""33.18000030517578"",""33.18000030517578"",""33.18000030517578"""
"95,""22.1109676361084"",""22.1109676361084"",""22.1109676361084"",""22.53584098815918"",""22.53584098815918"",""22.53584098815918"",""24.658952713012695"",""24.658952713012695"",""24.658952713012695"",""24.81934356689453"",""24.81934356689453"",""24.81934356689453"",""23.169126510620117"",""23.169126510620117"",""23.169126510620117"",""33.959999084472656"",""33.959999084472656"",""33.959999084472656"""
"96,""26.298110961914062"",""26.298110961914062"",""26.298110961914062"",""29.253725051879883"",""29.253725051879883"",""29.253725051879883"",""27.60487174987793"",""27.60487174987793"",""27.60487174987793"",""27.5313777923584"",""27.5313777923584"",""27.5313777923584"",""32.052555084228516"",""32.052555084228516"",""32.052555084228516"",""40.79999923706055"",""40.79999923706055"",""40.79999923706055"""
"97,""31.67453384399414"",""31.67453384399414"",""31.67453384399414"",""36.79841995239258"",""36.79841995239258"",""36.79841995239258"",""29.88908576965332"",""29.88908576965332"",""29.88908576965332"",""31.165998458862305"",""31.165998458862305"",""31.165998458862305"",""37.79387664794922"",""37.79387664794922"",""37.79387664794922"",""493.8599853515625"",""493.8599853515625"",""493.8599853515625"""
"98,""38.61233901977539"",""38.61233901977539"",""38.61233901977539"",""42.890220642089844"",""42.890220642089844"",""42.890220642089844"",""32.428016662597656"",""32.428016662597656"",""32.428016662597656"",""36.726295471191406"",""36.726295471191406"",""36.726295471191406"",""40.93601989746094"",""40.93601989746094"",""40.93601989746094"",""489.489990234375"",""489.489990234375"",""489.489990234375"""
"99,""41.464481353759766"",""41.464481353759766"",""41.464481353759766"",""44.85396194458008"",""44.85396194458008"",""44.85396194458008"",""39.137855529785156"",""39.137855529785156"",""39.137855529785156"",""40.96747589111328"",""40.96747589111328"",""40.96747589111328"",""41.71169662475586"",""41.71169662475586"",""41.71169662475586"",""533.5900268554688"",""533.5900268554688"",""533.5900268554688"""
"100,""37.458316802978516"",""37.458316802978516"",""37.458316802978516"",""40.095333099365234"",""40.095333099365234"",""40.095333099365234"",""41.383033752441406"",""41.383033752441406"",""41.383033752441406"",""34.406593322753906"",""34.406593322753906"",""34.406593322753906"",""38.712127685546875"",""38.712127685546875"",""38.712127685546875"",""570.780029296875"",""570.780029296875"",""570.780029296875"""
"101,""30.630699157714844"",""30.630699157714844"",""30.630699157714844"",""34.439579010009766"",""34.439579010009766"",""34.439579010009766"",""37.80747985839844"",""37.80747985839844"",""37.80747985839844"",""28.241174697875977"",""28.241174697875977"",""28.241174697875977"",""34.440040588378906"",""34.440040588378906"",""34.440040588378906"",""246.97000122070312"",""246.97000122070312"",""246.97000122070312"""
"102,""25.940017700195312"",""25.940017700195312"",""25.940017700195312"",""30.051738739013672"",""30.051738739013672"",""30.051738739013672"",""31.85405158996582"",""31.85405158996582"",""31.85405158996582"",""26.02718734741211"",""26.02718734741211"",""26.02718734741211"",""29.790735244750977"",""29.790735244750977"",""29.790735244750977"",""49.439998626708984"",""49.439998626708984"",""49.439998626708984"""
"103,""23.947546005249023"",""23.947546005249023"",""23.947546005249023"",""26.592172622680664"",""26.592172622680664"",""26.592172622680664"",""27.764266967773438"",""27.764266967773438"",""27.764266967773438"",""24.73160171508789"",""24.73160171508789"",""24.73160171508789"",""27.17803382873535"",""27.17803382873535"",""27.17803382873535"",""41.95000076293945"",""41.95000076293945"",""41.95000076293945"""
"104,""23.244325637817383"",""23.244325637817383"",""23.244325637817383"",""24.357757568359375"",""24.357757568359375"",""24.357757568359375"",""25.706466674804688"",""25.706466674804688"",""25.706466674804688"",""23.94739532470703"",""23.94739532470703"",""23.94739532470703"",""26.270578384399414"",""26.270578384399414"",""26.270578384399414"",""29.850000381469727"",""29.850000381469727"",""29.850000381469727"""
"105,""22.8631591796875"",""22.8631591796875"",""22.8631591796875"",""22.59004020690918"",""22.59004020690918"",""22.59004020690918"",""22.64915657043457"",""22.64915657043457"",""22.64915657043457"",""21.70692253112793"",""21.70692253112793"",""21.70692253112793"",""23.802492141723633"",""23.802492141723633"",""23.802492141723633"",""25.18000030517578"",""25.18000030517578"",""25.18000030517578"""
"106,""21.634990692138672"",""21.634990692138672"",""21.634990692138672"",""21.61859703063965"",""21.61859703063965"",""21.61859703063965"",""21.454282760620117"",""21.454282760620117"",""21.454282760620117"",""20.93613624572754"",""20.93613624572754"",""20.93613624572754"",""22.56954002380371"",""22.56954002380371"",""22.56954002380371"",""24.010000228881836"",""24.010000228881836"",""24.010000228881836"""
"107,""21.35363006591797"",""21.35363006591797"",""21.35363006591797"",""21.51265525817871"",""21.51265525817871"",""21.51265525817871"",""21.66254234313965"",""21.66254234313965"",""21.66254234313965"",""20.74048614501953"",""20.74048614501953"",""20.74048614501953"",""22.648250579833984"",""22.648250579833984"",""22.648250579833984"",""24.280000686645508"",""24.280000686645508"",""24.280000686645508"""
"108,""21.42728042602539"",""21.42728042602539"",""21.42728042602539"",""21.541269302368164"",""21.541269302368164"",""21.541269302368164"",""22.97833824157715"",""22.97833824157715"",""22.97833824157715"",""20.602907180786133"",""20.602907180786133"",""20.602907180786133"",""22.8165225982666"",""22.8165225982666"",""22.8165225982666"",""24.610000610351562"",""24.610000610351562"",""24.610000610351562"""
"109,""21.540878295898438"",""21.540878295898438"",""21.540878295898438"",""21.968555450439453"",""21.968555450439453"",""21.968555450439453"",""23.13467025756836"",""23.13467025756836"",""23.13467025756836"",""21.653175354003906"",""21.653175354003906"",""21.653175354003906"",""23.812501907348633"",""23.812501907348633"",""23.812501907348633"",""28.8700008392334"",""28.8700008392334"",""28.8700008392334"""
"110,""21.642362594604492"",""21.642362594604492"",""21.642362594604492"",""22.36033821105957"",""22.36033821105957"",""22.36033821105957"",""22.834304809570312"",""22.834304809570312"",""22.834304809570312"",""21.67824363708496"",""21.67824363708496"",""21.67824363708496"",""24.0928955078125"",""24.0928955078125"",""24.0928955078125"",""24.989999771118164"",""24.989999771118164"",""24.989999771118164"""
"111,""21.706790924072266"",""21.706790924072266"",""21.706790924072266"",""22.594419479370117"",""22.594419479370117"",""22.594419479370117"",""22.334962844848633"",""22.334962844848633"",""22.334962844848633"",""21.866838455200195"",""21.866838455200195"",""21.866838455200195"",""23.674196243286133"",""23.674196243286133"",""23.674196243286133"",""22.979999542236328"",""22.979999542236328"",""22.979999542236328"""
"112,""21.498672485351562"",""21.498672485351562"",""21.498672485351562"",""22.39011001586914"",""22.39011001586914"",""22.39011001586914"",""21.834918975830078"",""21.834918975830078"",""21.834918975830078"",""21.572481155395508"",""21.572481155395508"",""21.572481155395508"",""22.595230102539062"",""22.595230102539062"",""22.595230102539062"",""23.59000015258789"",""23.59000015258789"",""23.59000015258789"""
"113,""21.20311164855957"",""21.20311164855957"",""21.20311164855957"",""22.87276268005371"",""22.87276268005371"",""22.87276268005371"",""21.446496963500977"",""21.446496963500977"",""21.446496963500977"",""21.816328048706055"",""21.816328048706055"",""21.816328048706055"",""22.324481964111328"",""22.324481964111328"",""22.324481964111328"",""25.209999084472656"",""25.209999084472656"",""25.209999084472656"""
"114,""21.68613624572754"",""21.68613624572754"",""21.68613624572754"",""23.012903213500977"",""23.012903213500977"",""23.012903213500977"",""21.946990966796875"",""21.946990966796875"",""21.946990966796875"",""22.296934127807617"",""22.296934127807617"",""22.296934127807617"",""23.166364669799805"",""23.166364669799805"",""23.166364669799805"",""26.540000915527344"",""26.540000915527344"",""26.540000915527344"""
"115,""22.33514404296875"",""22.33514404296875"",""22.33514404296875"",""23.293542861938477"",""23.293542861938477"",""23.293542861938477"",""23.44394302368164"",""23.44394302368164"",""23.44394302368164"",""23.17106819152832"",""23.17106819152832"",""23.17106819152832"",""24.792743682861328"",""24.792743682861328"",""24.792743682861328"",""37.099998474121094"",""37.099998474121094"",""37.099998474121094"""
"116,""22.28590965270996"",""22.28590965270996"",""22.28590965270996"",""23.473493576049805"",""23.473493576049805"",""23.473493576049805"",""23.770042419433594"",""23.770042419433594"",""23.770042419433594"",""24.624656677246094"",""24.624656677246094"",""24.624656677246094"",""27.16997528076172"",""27.16997528076172"",""27.16997528076172"",""38.25"",""38.25"",""38.25"""
"117,""22.94087791442871"",""22.94087791442871"",""22.94087791442871"",""25.41128921508789"",""25.41128921508789"",""25.41128921508789"",""25.10820198059082"",""25.10820198059082"",""25.10820198059082"",""26.20635223388672"",""26.20635223388672"",""26.20635223388672"",""31.19175148010254"",""31.19175148010254"",""31.19175148010254"",""45.16999816894531"",""45.16999816894531"",""45.16999816894531"""
"118,""24.354896545410156"",""24.354896545410156"",""24.354896545410156"",""28.046567916870117"",""28.046567916870117"",""28.046567916870117"",""25.95878791809082"",""25.95878791809082"",""25.95878791809082"",""28.27849769592285"",""28.27849769592285"",""28.27849769592285"",""35.48992919921875"",""35.48992919921875"",""35.48992919921875"",""61"",""61"",""61"""
"119,""25.917551040649414"",""25.917551040649414"",""25.917551040649414"",""32.55790328979492"",""32.55790328979492"",""32.55790328979492"",""27.650556564331055"",""27.650556564331055"",""27.650556564331055"",""29.979171752929688"",""29.979171752929688"",""29.979171752929688"",""38.204776763916016"",""38.204776763916016"",""38.204776763916016"",""81.79000091552734"",""81.79000091552734"",""81.79000091552734"""
"120,""44.3800048828125"",""44.3800048828125"",""44.3800048828125"",""55.76704406738281"",""55.76704406738281"",""55.76704406738281"",""47.92290115356445"",""47.92290115356445"",""47.92290115356445"",""55.099613189697266"",""55.099613189697266"",""55.099613189697266"",""38.24650192260742"",""38.24650192260742"",""38.24650192260742"",""319.4100036621094"",""319.4100036621094"",""319.4100036621094"""
"121,""48.07279968261719"",""48.07279968261719"",""48.07279968261719"",""57.9615478515625"",""57.9615478515625"",""57.9615478515625"",""59.78213882446289"",""59.78213882446289"",""59.78213882446289"",""60.566261291503906"",""60.566261291503906"",""60.566261291503906"",""44.02727508544922"",""44.02727508544922"",""44.02727508544922"",""53.189998626708984"",""53.189998626708984"",""53.189998626708984"""
"122,""53.42314529418945"",""53.42314529418945"",""53.42314529418945"",""57.59025573730469"",""57.59025573730469"",""57.59025573730469"",""65.53479766845703"",""65.53479766845703"",""65.53479766845703"",""62.71237564086914"",""62.71237564086914"",""62.71237564086914"",""48.65022277832031"",""48.65022277832031"",""48.65022277832031"",""78.86000061035156"",""78.86000061035156"",""78.86000061035156"""
"123,""53.28130340576172"",""53.28130340576172"",""53.28130340576172"",""55.57728576660156"",""55.57728576660156"",""55.57728576660156"",""68.0354232788086"",""68.0354232788086"",""68.0354232788086"",""61.70339584350586"",""61.70339584350586"",""61.70339584350586"",""48.98008728027344"",""48.98008728027344"",""48.98008728027344"",""357.4700012207031"",""357.4700012207031"",""357.4700012207031"""
"124,""52.23139953613281"",""52.23139953613281"",""52.23139953613281"",""52.389495849609375"",""52.389495849609375"",""52.389495849609375"",""67.29437255859375"",""67.29437255859375"",""67.29437255859375"",""60.12336730957031"",""60.12336730957031"",""60.12336730957031"",""46.95915603637695"",""46.95915603637695"",""46.95915603637695"",""224.39999389648438"",""224.39999389648438"",""224.39999389648438"""
"125,""50.64527130126953"",""50.64527130126953"",""50.64527130126953"",""48.17399215698242"",""48.17399215698242"",""48.17399215698242"",""63.4407844543457"",""63.4407844543457"",""63.4407844543457"",""57.46403503417969"",""57.46403503417969"",""57.46403503417969"",""43.80378723144531"",""43.80378723144531"",""43.80378723144531"",""90.63999938964844"",""90.63999938964844"",""90.63999938964844"""
"126,""44.38899230957031"",""44.38899230957031"",""44.38899230957031"",""41.164825439453125"",""41.164825439453125"",""41.164825439453125"",""57.82014846801758"",""57.82014846801758"",""57.82014846801758"",""52.61258316040039"",""52.61258316040039"",""52.61258316040039"",""38.654850006103516"",""38.654850006103516"",""38.654850006103516"",""63.02000045776367"",""63.02000045776367"",""63.02000045776367"""
"127,""34.545475006103516"",""34.545475006103516"",""34.545475006103516"",""37.00148010253906"",""37.00148010253906"",""37.00148010253906"",""51.79545974731445"",""51.79545974731445"",""51.79545974731445"",""46.61016845703125"",""46.61016845703125"",""46.61016845703125"",""33.98868942260742"",""33.98868942260742"",""33.98868942260742"",""53.5099983215332"",""53.5099983215332"",""53.5099983215332"""
"128,""30.812551498413086"",""30.812551498413086"",""30.812551498413086"",""32.98031997680664"",""32.98031997680664"",""32.98031997680664"",""46.20225143432617"",""46.20225143432617"",""46.20225143432617"",""38.477481842041016"",""38.477481842041016"",""38.477481842041016"",""29.39107322692871"",""29.39107322692871"",""29.39107322692871"",""62.11000061035156"",""62.11000061035156"",""62.11000061035156"""
"129,""28.020641326904297"",""28.020641326904297"",""28.020641326904297"",""31.583789825439453"",""31.583789825439453"",""31.583789825439453"",""40.58989334106445"",""40.58989334106445"",""40.58989334106445"",""34.49102020263672"",""34.49102020263672"",""34.49102020263672"",""26.920217514038086"",""26.920217514038086"",""26.920217514038086"",""35.27000045776367"",""35.27000045776367"",""35.27000045776367"""
"130,""28.350549697875977"",""28.350549697875977"",""28.350549697875977"",""31.145729064941406"",""31.145729064941406"",""31.145729064941406"",""36.98232650756836"",""36.98232650756836"",""36.98232650756836"",""32.65379333496094"",""32.65379333496094"",""32.65379333496094"",""26.31419563293457"",""26.31419563293457"",""26.31419563293457"",""32.95000076293945"",""32.95000076293945"",""32.95000076293945"""
"131,""26.097660064697266"",""26.097660064697266"",""26.097660064697266"",""27.276992797851562"",""27.276992797851562"",""27.276992797851562"",""31.312049865722656"",""31.312049865722656"",""31.312049865722656"",""27.240787506103516"",""27.240787506103516"",""27.240787506103516"",""22.95089340209961"",""22.95089340209961"",""22.95089340209961"",""40.189998626708984"",""40.189998626708984"",""40.189998626708984"""
"132,""24.898393630981445"",""24.898393630981445"",""24.898393630981445"",""26.473161697387695"",""26.473161697387695"",""26.473161697387695"",""28.969179153442383"",""28.969179153442383"",""28.969179153442383"",""25.221477508544922"",""25.221477508544922"",""25.221477508544922"",""21.88709831237793"",""21.88709831237793"",""21.88709831237793"",""34.060001373291016"",""34.060001373291016"",""34.060001373291016"""
"133,""24.25790786743164"",""24.25790786743164"",""24.25790786743164"",""25.529218673706055"",""25.529218673706055"",""25.529218673706055"",""26.988059997558594"",""26.988059997558594"",""26.988059997558594"",""24.25319480895996"",""24.25319480895996"",""24.25319480895996"",""21.65987205505371"",""21.65987205505371"",""21.65987205505371"",""43.459999084472656"",""43.459999084472656"",""43.459999084472656"""
"134,""23.636587142944336"",""23.636587142944336"",""23.636587142944336"",""24.11991310119629"",""24.11991310119629"",""24.11991310119629"",""25.89472007751465"",""25.89472007751465"",""25.89472007751465"",""23.111289978027344"",""23.111289978027344"",""23.111289978027344"",""21.78465461730957"",""21.78465461730957"",""21.78465461730957"",""36.970001220703125"",""36.970001220703125"",""36.970001220703125"""
"135,""23.311233520507812"",""23.311233520507812"",""23.311233520507812"",""23.17232322692871"",""23.17232322692871"",""23.17232322692871"",""24.334535598754883"",""24.334535598754883"",""24.334535598754883"",""22.40511131286621"",""22.40511131286621"",""22.40511131286621"",""21.812719345092773"",""21.812719345092773"",""21.812719345092773"",""27.469999313354492"",""27.469999313354492"",""27.469999313354492"""
"136,""22.682388305664062"",""22.682388305664062"",""22.682388305664062"",""21.314510345458984"",""21.314510345458984"",""21.314510345458984"",""23.04826545715332"",""23.04826545715332"",""23.04826545715332"",""21.20099449157715"",""21.20099449157715"",""21.20099449157715"",""20.625699996948242"",""20.625699996948242"",""20.625699996948242"",""26.700000762939453"",""26.700000762939453"",""26.700000762939453"""
"137,""21.993850708007812"",""21.993850708007812"",""21.993850708007812"",""19.423917770385742"",""19.423917770385742"",""19.423917770385742"",""23.575002670288086"",""23.575002670288086"",""23.575002670288086"",""21.109899520874023"",""21.109899520874023"",""21.109899520874023"",""21.042795181274414"",""21.042795181274414"",""21.042795181274414"",""26.8799991607666"",""26.8799991607666"",""26.8799991607666"""
"138,""22.563396453857422"",""22.563396453857422"",""22.563396453857422"",""18.809406280517578"",""18.809406280517578"",""18.809406280517578"",""24.710487365722656"",""24.710487365722656"",""24.710487365722656"",""21.432615280151367"",""21.432615280151367"",""21.432615280151367"",""21.42159080505371"",""21.42159080505371"",""21.42159080505371"",""36.5099983215332"",""36.5099983215332"",""36.5099983215332"""
"139,""23.791027069091797"",""23.791027069091797"",""23.791027069091797"",""20.72637367248535"",""20.72637367248535"",""20.72637367248535"",""28.524248123168945"",""28.524248123168945"",""28.524248123168945"",""24.358612060546875"",""24.358612060546875"",""24.358612060546875"",""24.0964298248291"",""24.0964298248291"",""24.0964298248291"",""36.220001220703125"",""36.220001220703125"",""36.220001220703125"""
"140,""24.010101318359375"",""24.010101318359375"",""24.010101318359375"",""21.451141357421875"",""21.451141357421875"",""21.451141357421875"",""32.229461669921875"",""32.229461669921875"",""32.229461669921875"",""26.250179290771484"",""26.250179290771484"",""26.250179290771484"",""25.772531509399414"",""25.772531509399414"",""25.772531509399414"",""38.59000015258789"",""38.59000015258789"",""38.59000015258789"""
"141,""26.920034408569336"",""26.920034408569336"",""26.920034408569336"",""23.593374252319336"",""23.593374252319336"",""23.593374252319336"",""39.67232894897461"",""39.67232894897461"",""39.67232894897461"",""31.755538940429688"",""31.755538940429688"",""31.755538940429688"",""28.297880172729492"",""28.297880172729492"",""28.297880172729492"",""42.04999923706055"",""42.04999923706055"",""42.04999923706055"""
"142,""31.948169708251953"",""31.948169708251953"",""31.948169708251953"",""28.1851863861084"",""28.1851863861084"",""28.1851863861084"",""46.93791580200195"",""46.93791580200195"",""46.93791580200195"",""38.925071716308594"",""38.925071716308594"",""38.925071716308594"",""32.91718292236328"",""32.91718292236328"",""32.91718292236328"",""48.15999984741211"",""48.15999984741211"",""48.15999984741211"""
"143,""33.091064453125"",""33.091064453125"",""33.091064453125"",""32.063865661621094"",""32.063865661621094"",""32.063865661621094"",""49.51401901245117"",""49.51401901245117"",""49.51401901245117"",""38.892303466796875"",""38.892303466796875"",""38.892303466796875"",""35.37995529174805"",""35.37995529174805"",""35.37995529174805"",""41.459999084472656"",""41.459999084472656"",""41.459999084472656"""
"144,""32.234554290771484"",""32.234554290771484"",""32.234554290771484"",""31.012039184570312"",""31.012039184570312"",""31.012039184570312"",""42.65511703491211"",""42.65511703491211"",""42.65511703491211"",""37.72349548339844"",""37.72349548339844"",""37.72349548339844"",""41.96250534057617"",""41.96250534057617"",""41.96250534057617"",""40.06999969482422"",""40.06999969482422"",""40.06999969482422"""
"145,""35.76298522949219"",""35.76298522949219"",""35.76298522949219"",""35.20962905883789"",""35.20962905883789"",""35.20962905883789"",""55.9267463684082"",""55.9267463684082"",""55.9267463684082"",""44.92314910888672"",""44.92314910888672"",""44.92314910888672"",""46.78193283081055"",""46.78193283081055"",""46.78193283081055"",""33.08000183105469"",""33.08000183105469"",""33.08000183105469"""
"146,""40.074623107910156"",""40.074623107910156"",""40.074623107910156"",""41.5927848815918"",""41.5927848815918"",""41.5927848815918"",""61.770206451416016"",""61.770206451416016"",""61.770206451416016"",""46.9127082824707"",""46.9127082824707"",""46.9127082824707"",""47.536231994628906"",""47.536231994628906"",""47.536231994628906"",""38.849998474121094"",""38.849998474121094"",""38.849998474121094"""
"147,""41.17936706542969"",""41.17936706542969"",""41.17936706542969"",""45.50372314453125"",""45.50372314453125"",""45.50372314453125"",""58.852840423583984"",""58.852840423583984"",""58.852840423583984"",""45.0875358581543"",""45.0875358581543"",""45.0875358581543"",""44.96100997924805"",""44.96100997924805"",""44.96100997924805"",""58.779998779296875"",""58.779998779296875"",""58.779998779296875"""
"148,""40.115867614746094"",""40.115867614746094"",""40.115867614746094"",""43.72990417480469"",""43.72990417480469"",""43.72990417480469"",""53.55673599243164"",""53.55673599243164"",""53.55673599243164"",""44.52466583251953"",""44.52466583251953"",""44.52466583251953"",""39.83360290527344"",""39.83360290527344"",""39.83360290527344"",""42.84000015258789"",""42.84000015258789"",""42.84000015258789"""
"149,""37.86051940917969"",""37.86051940917969"",""37.86051940917969"",""38.065765380859375"",""38.065765380859375"",""38.065765380859375"",""46.88941955566406"",""46.88941955566406"",""46.88941955566406"",""43.789222717285156"",""43.789222717285156"",""43.789222717285156"",""34.228328704833984"",""34.228328704833984"",""34.228328704833984"",""38.7599983215332"",""38.7599983215332"",""38.7599983215332"""
"150,""33.08073425292969"",""33.08073425292969"",""33.08073425292969"",""31.298816680908203"",""31.298816680908203"",""31.298816680908203"",""39.51848220825195"",""39.51848220825195"",""39.51848220825195"",""42.94112777709961"",""42.94112777709961"",""42.94112777709961"",""30.231035232543945"",""30.231035232543945"",""30.231035232543945"",""41.40999984741211"",""41.40999984741211"",""41.40999984741211"""
"151,""29.14113998413086"",""29.14113998413086"",""29.14113998413086"",""26.991912841796875"",""26.991912841796875"",""26.991912841796875"",""34.80796432495117"",""34.80796432495117"",""34.80796432495117"",""42.279151916503906"",""42.279151916503906"",""42.279151916503906"",""28.110898971557617"",""28.110898971557617"",""28.110898971557617"",""37.220001220703125"",""37.220001220703125"",""37.220001220703125"""
"152,""26.540496826171875"",""26.540496826171875"",""26.540496826171875"",""24.168981552124023"",""24.168981552124023"",""24.168981552124023"",""33.468299865722656"",""33.468299865722656"",""33.468299865722656"",""41.20949172973633"",""41.20949172973633"",""41.20949172973633"",""27.071386337280273"",""27.071386337280273"",""27.071386337280273"",""44.61000061035156"",""44.61000061035156"",""44.61000061035156"""
"153,""23.390331268310547"",""23.390331268310547"",""23.390331268310547"",""21.873777389526367"",""21.873777389526367"",""21.873777389526367"",""27.797216415405273"",""27.797216415405273"",""27.797216415405273"",""33.64609146118164"",""33.64609146118164"",""33.64609146118164"",""23.734195709228516"",""23.734195709228516"",""23.734195709228516"",""34.599998474121094"",""34.599998474121094"",""34.599998474121094"""
"154,""23.625186920166016"",""23.625186920166016"",""23.625186920166016"",""22.044469833374023"",""22.044469833374023"",""22.044469833374023"",""27.019895553588867"",""27.019895553588867"",""27.019895553588867"",""29.33102798461914"",""29.33102798461914"",""29.33102798461914"",""23.44959259033203"",""23.44959259033203"",""23.44959259033203"",""32.650001525878906"",""32.650001525878906"",""32.650001525878906"""
"155,""23.601985931396484"",""23.601985931396484"",""23.601985931396484"",""22.346702575683594"",""22.346702575683594"",""22.346702575683594"",""27.274303436279297"",""27.274303436279297"",""27.274303436279297"",""26.943355560302734"",""26.943355560302734"",""26.943355560302734"",""23.673479080200195"",""23.673479080200195"",""23.673479080200195"",""27.829999923706055"",""27.829999923706055"",""27.829999923706055"""
"156,""23.883129119873047"",""23.883129119873047"",""23.883129119873047"",""22.98647689819336"",""22.98647689819336"",""22.98647689819336"",""27.48075294494629"",""27.48075294494629"",""27.48075294494629"",""25.62187385559082"",""25.62187385559082"",""25.62187385559082"",""24.21233367919922"",""24.21233367919922"",""24.21233367919922"",""26.5"",""26.5"",""26.5"""
"157,""24.190019607543945"",""24.190019607543945"",""24.190019607543945"",""23.63717269897461"",""23.63717269897461"",""23.63717269897461"",""27.273548126220703"",""27.273548126220703"",""27.273548126220703"",""24.981508255004883"",""24.981508255004883"",""24.981508255004883"",""24.400440216064453"",""24.400440216064453"",""24.400440216064453"",""26.59000015258789"",""26.59000015258789"",""26.59000015258789"""
"158,""23.315237045288086"",""23.315237045288086"",""23.315237045288086"",""22.40489959716797"",""22.40489959716797"",""22.40489959716797"",""26.247343063354492"",""26.247343063354492"",""26.247343063354492"",""24.3277530670166"",""24.3277530670166"",""24.3277530670166"",""23.89090347290039"",""23.89090347290039"",""23.89090347290039"",""25.270000457763672"",""25.270000457763672"",""25.270000457763672"""
"159,""21.648727416992188"",""21.648727416992188"",""21.648727416992188"",""20.535781860351562"",""20.535781860351562"",""20.535781860351562"",""24.66263771057129"",""24.66263771057129"",""24.66263771057129"",""22.928001403808594"",""22.928001403808594"",""22.928001403808594"",""22.86785888671875"",""22.86785888671875"",""22.86785888671875"",""18.239999771118164"",""18.239999771118164"",""18.239999771118164"""
"160,""20.284446716308594"",""20.284446716308594"",""20.284446716308594"",""18.566909790039062"",""18.566909790039062"",""18.566909790039062"",""21.75619888305664"",""21.75619888305664"",""21.75619888305664"",""22.609037399291992"",""22.609037399291992"",""22.609037399291992"",""20.89276885986328"",""20.89276885986328"",""20.89276885986328"",""19.1299991607666"",""19.1299991607666"",""19.1299991607666"""
"161,""19.78472137451172"",""19.78472137451172"",""19.78472137451172"",""17.99213409423828"",""17.99213409423828"",""17.99213409423828"",""19.635637283325195"",""19.635637283325195"",""19.635637283325195"",""21.40113639831543"",""21.40113639831543"",""21.40113639831543"",""19.708728790283203"",""19.708728790283203"",""19.708728790283203"",""16.989999771118164"",""16.989999771118164"",""16.989999771118164"""
"162,""26.850887298583984"",""26.850887298583984"",""26.850887298583984"",""23.732845306396484"",""23.732845306396484"",""23.732845306396484"",""25.0745792388916"",""25.0745792388916"",""25.0745792388916"",""26.619598388671875"",""26.619598388671875"",""26.619598388671875"",""25.170650482177734"",""25.170650482177734"",""25.170650482177734"",""19.469999313354492"",""19.469999313354492"",""19.469999313354492"""
"163,""26.95185089111328"",""26.95185089111328"",""26.95185089111328"",""25.596736907958984"",""25.596736907958984"",""25.596736907958984"",""24.985864639282227"",""24.985864639282227"",""24.985864639282227"",""26.269392013549805"",""26.269392013549805"",""26.269392013549805"",""25.259071350097656"",""25.259071350097656"",""25.259071350097656"",""21.440000534057617"",""21.440000534057617"",""21.440000534057617"""
"164,""24.91851043701172"",""24.91851043701172"",""24.91851043701172"",""24.05087661743164"",""24.05087661743164"",""24.05087661743164"",""24.70084571838379"",""24.70084571838379"",""24.70084571838379"",""26.451984405517578"",""26.451984405517578"",""26.451984405517578"",""23.895313262939453"",""23.895313262939453"",""23.895313262939453"",""23.290000915527344"",""23.290000915527344"",""23.290000915527344"""
"165,""24.00124168395996"",""24.00124168395996"",""24.00124168395996"",""22.697481155395508"",""22.697481155395508"",""22.697481155395508"",""24.38312339782715"",""24.38312339782715"",""24.38312339782715"",""27.279552459716797"",""27.279552459716797"",""27.279552459716797"",""22.87204933166504"",""22.87204933166504"",""22.87204933166504"",""25.829999923706055"",""25.829999923706055"",""25.829999923706055"""
"166,""24.117801666259766"",""24.117801666259766"",""24.117801666259766"",""22.082550048828125"",""22.082550048828125"",""22.082550048828125"",""23.35624885559082"",""23.35624885559082"",""23.35624885559082"",""30.618873596191406"",""30.618873596191406"",""30.618873596191406"",""24.054943084716797"",""24.054943084716797"",""24.054943084716797"",""28.56999969482422"",""28.56999969482422"",""28.56999969482422"""
"167,""24.303848266601562"",""24.303848266601562"",""24.303848266601562"",""21.67750358581543"",""21.67750358581543"",""21.67750358581543"",""22.92417335510254"",""22.92417335510254"",""22.92417335510254"",""32.9980354309082"",""32.9980354309082"",""32.9980354309082"",""26.19028091430664"",""26.19028091430664"",""26.19028091430664"",""32.439998626708984"",""32.439998626708984"",""32.439998626708984"""
