"Step,""visionary-sweep-1 - Ensamble 0 - Summer predictions (24h) Hub: ZP26"",""visionary-sweep-1 - Ensamble 0 - Summer predictions (24h) Hub: ZP26__MIN"",""visionary-sweep-1 - Ensamble 0 - Summer predictions (24h) Hub: ZP26__MAX"",""visionary-sweep-1 - Ensamble 1 - Summer predictions (24h) Hub: ZP26"",""visionary-sweep-1 - Ensamble 1 - Summer predictions (24h) Hub: ZP26__MIN"",""visionary-sweep-1 - Ensamble 1 - Summer predictions (24h) Hub: ZP26__MAX"",""visionary-sweep-1 - Ensamble 2 - Summer predictions (24h) Hub: ZP26"",""visionary-sweep-1 - Ensamble 2 - Summer predictions (24h) Hub: ZP26__MIN"",""visionary-sweep-1 - Ensamble 2 - Summer predictions (24h) Hub: ZP26__MAX"",""visionary-sweep-1 - Ensamble 3 - Summer predictions (24h) Hub: ZP26"",""visionary-sweep-1 - Ensamble 3 - Summer predictions (24h) Hub: ZP26__MIN"",""visionary-sweep-1 - Ensamble 3 - Summer predictions (24h) Hub: ZP26__MAX"",""visionary-sweep-1 - Ensamble 4 - Summer predictions (24h) Hub: ZP26"",""visionary-sweep-1 - Ensamble 4 - Summer predictions (24h) Hub: ZP26__MIN"",""visionary-sweep-1 - Ensamble 4 - Summer predictions (24h) Hub: ZP26__MAX"",""visionary-sweep-1 - Ensamble 0 - Summer targets (24h) Hub: ZP26"",""visionary-sweep-1 - Ensamble 0 - Summer targets (24h) Hub: ZP26__MIN"",""visionary-sweep-1 - Ensamble 0 - Summer targets (24h) Hub: ZP26__MAX"""
"0,""21.090309143066406"",""21.090309143066406"",""21.090309143066406"",""20.585142135620117"",""20.585142135620117"",""20.585142135620117"",""19.066654205322266"",""19.066654205322266"",""19.066654205322266"",""20.85120391845703"",""20.85120391845703"",""20.85120391845703"",""21.303300857543945"",""21.303300857543945"",""21.303300857543945"",""15.34000015258789"",""15.34000015258789"",""15.34000015258789"""
"1,""23.18152618408203"",""23.18152618408203"",""23.18152618408203"",""22.91758155822754"",""22.91758155822754"",""22.91758155822754"",""20.417034149169922"",""20.417034149169922"",""20.417034149169922"",""23.47063446044922"",""23.47063446044922"",""23.47063446044922"",""22.12628746032715"",""22.12628746032715"",""22.12628746032715"",""19.530000686645508"",""19.530000686645508"",""19.530000686645508"""
"2,""24.274553298950195"",""24.274553298950195"",""24.274553298950195"",""23.46416664123535"",""23.46416664123535"",""23.46416664123535"",""22.703628540039062"",""22.703628540039062"",""22.703628540039062"",""23.373502731323242"",""23.373502731323242"",""23.373502731323242"",""22.07333755493164"",""22.07333755493164"",""22.07333755493164"",""17.829999923706055"",""17.829999923706055"",""17.829999923706055"""
"3,""21.255949020385742"",""21.255949020385742"",""21.255949020385742"",""20.36318016052246"",""20.36318016052246"",""20.36318016052246"",""21.466684341430664"",""21.466684341430664"",""21.466684341430664"",""19.338808059692383"",""19.338808059692383"",""19.338808059692383"",""20.859346389770508"",""20.859346389770508"",""20.859346389770508"",""18.139999389648438"",""18.139999389648438"",""18.139999389648438"""
"4,""19.148122787475586"",""19.148122787475586"",""19.148122787475586"",""19.059612274169922"",""19.059612274169922"",""19.059612274169922"",""20.801410675048828"",""20.801410675048828"",""20.801410675048828"",""18.076461791992188"",""18.076461791992188"",""18.076461791992188"",""19.475908279418945"",""19.475908279418945"",""19.475908279418945"",""16.959999084472656"",""16.959999084472656"",""16.959999084472656"""
"5,""17.62689208984375"",""17.62689208984375"",""17.62689208984375"",""17.939409255981445"",""17.939409255981445"",""17.939409255981445"",""18.716951370239258"",""18.716951370239258"",""18.716951370239258"",""17.175230026245117"",""17.175230026245117"",""17.175230026245117"",""18.215059280395508"",""18.215059280395508"",""18.215059280395508"",""17.110000610351562"",""17.110000610351562"",""17.110000610351562"""
"6,""16.721403121948242"",""16.721403121948242"",""16.721403121948242"",""16.362045288085938"",""16.362045288085938"",""16.362045288085938"",""16.637502670288086"",""16.637502670288086"",""16.637502670288086"",""16.409391403198242"",""16.409391403198242"",""16.409391403198242"",""17.82624626159668"",""17.82624626159668"",""17.82624626159668"",""17.440000534057617"",""17.440000534057617"",""17.440000534057617"""
"7,""16.029052734375"",""16.029052734375"",""16.029052734375"",""16.17780303955078"",""16.17780303955078"",""16.17780303955078"",""13.37005615234375"",""13.37005615234375"",""13.37005615234375"",""14.471020698547363"",""14.471020698547363"",""14.471020698547363"",""16.99445915222168"",""16.99445915222168"",""16.99445915222168"",""15.710000038146973"",""15.710000038146973"",""15.710000038146973"""
"8,""14.44377613067627"",""14.44377613067627"",""14.44377613067627"",""15.513285636901855"",""15.513285636901855"",""15.513285636901855"",""10.852137565612793"",""10.852137565612793"",""10.852137565612793"",""13.269048690795898"",""13.269048690795898"",""13.269048690795898"",""15.913713455200195"",""15.913713455200195"",""15.913713455200195"",""10.819999694824219"",""10.819999694824219"",""10.819999694824219"""
"9,""13.230384826660156"",""13.230384826660156"",""13.230384826660156"",""14.782369613647461"",""14.782369613647461"",""14.782369613647461"",""8.741022109985352"",""8.741022109985352"",""8.741022109985352"",""11.499076843261719"",""11.499076843261719"",""11.499076843261719"",""15.559934616088867"",""15.559934616088867"",""15.559934616088867"",""3.259999990463257"",""3.259999990463257"",""3.259999990463257"""
"10,""11.457783699035645"",""11.457783699035645"",""11.457783699035645"",""13.671980857849121"",""13.671980857849121"",""13.671980857849121"",""7.087737083435059"",""7.087737083435059"",""7.087737083435059"",""9.993475914001465"",""9.993475914001465"",""9.993475914001465"",""14.43720817565918"",""14.43720817565918"",""14.43720817565918"",""7.559999942779541"",""7.559999942779541"",""7.559999942779541"""
"11,""10.112255096435547"",""10.112255096435547"",""10.112255096435547"",""12.408881187438965"",""12.408881187438965"",""12.408881187438965"",""6.1071672439575195"",""6.1071672439575195"",""6.1071672439575195"",""8.89383602142334"",""8.89383602142334"",""8.89383602142334"",""13.741836547851562"",""13.741836547851562"",""13.741836547851562"",""8.479999542236328"",""8.479999542236328"",""8.479999542236328"""
"12,""10.101822853088379"",""10.101822853088379"",""10.101822853088379"",""12.982916831970215"",""12.982916831970215"",""12.982916831970215"",""7.11387825012207"",""7.11387825012207"",""7.11387825012207"",""11.304965019226074"",""11.304965019226074"",""11.304965019226074"",""14.241703033447266"",""14.241703033447266"",""14.241703033447266"",""10.800000190734863"",""10.800000190734863"",""10.800000190734863"""
"13,""10.490508079528809"",""10.490508079528809"",""10.490508079528809"",""14.47815990447998"",""14.47815990447998"",""14.47815990447998"",""8.694610595703125"",""8.694610595703125"",""8.694610595703125"",""12.221607208251953"",""12.221607208251953"",""12.221607208251953"",""15.329061508178711"",""15.329061508178711"",""15.329061508178711"",""11.880000114440918"",""11.880000114440918"",""11.880000114440918"""
"14,""10.875138282775879"",""10.875138282775879"",""10.875138282775879"",""15.592862129211426"",""15.592862129211426"",""15.592862129211426"",""10.29969596862793"",""10.29969596862793"",""10.29969596862793"",""13.584281921386719"",""13.584281921386719"",""13.584281921386719"",""16.38811683654785"",""16.38811683654785"",""16.38811683654785"",""12.5"",""12.5"",""12.5"""
"15,""12.205995559692383"",""12.205995559692383"",""12.205995559692383"",""16.805797576904297"",""16.805797576904297"",""16.805797576904297"",""12.103200912475586"",""12.103200912475586"",""12.103200912475586"",""16.049625396728516"",""16.049625396728516"",""16.049625396728516"",""17.85467529296875"",""17.85467529296875"",""17.85467529296875"",""13.800000190734863"",""13.800000190734863"",""13.800000190734863"""
"16,""14.330410957336426"",""14.330410957336426"",""14.330410957336426"",""17.84660530090332"",""17.84660530090332"",""17.84660530090332"",""14.291261672973633"",""14.291261672973633"",""14.291261672973633"",""18.921192169189453"",""18.921192169189453"",""18.921192169189453"",""20.025789260864258"",""20.025789260864258"",""20.025789260864258"",""15.34000015258789"",""15.34000015258789"",""15.34000015258789"""
"17,""17.933568954467773"",""17.933568954467773"",""17.933568954467773"",""19.644617080688477"",""19.644617080688477"",""19.644617080688477"",""17.935199737548828"",""17.935199737548828"",""17.935199737548828"",""21.863338470458984"",""21.863338470458984"",""21.863338470458984"",""22.03062629699707"",""22.03062629699707"",""22.03062629699707"",""13.989999771118164"",""13.989999771118164"",""13.989999771118164"""
"18,""22.191524505615234"",""22.191524505615234"",""22.191524505615234"",""22.17047882080078"",""22.17047882080078"",""22.17047882080078"",""22.680877685546875"",""22.680877685546875"",""22.680877685546875"",""24.782630920410156"",""24.782630920410156"",""24.782630920410156"",""24.00724220275879"",""24.00724220275879"",""24.00724220275879"",""20.729999542236328"",""20.729999542236328"",""20.729999542236328"""
"19,""26.477521896362305"",""26.477521896362305"",""26.477521896362305"",""24.824384689331055"",""24.824384689331055"",""24.824384689331055"",""26.859485626220703"",""26.859485626220703"",""26.859485626220703"",""28.444549560546875"",""28.444549560546875"",""28.444549560546875"",""25.765844345092773"",""25.765844345092773"",""25.765844345092773"",""28.040000915527344"",""28.040000915527344"",""28.040000915527344"""
"20,""29.657777786254883"",""29.657777786254883"",""29.657777786254883"",""27.0575008392334"",""27.0575008392334"",""27.0575008392334"",""29.33869171142578"",""29.33869171142578"",""29.33869171142578"",""30.75405502319336"",""30.75405502319336"",""30.75405502319336"",""26.954389572143555"",""26.954389572143555"",""26.954389572143555"",""33.56999969482422"",""33.56999969482422"",""33.56999969482422"""
"21,""31.418785095214844"",""31.418785095214844"",""31.418785095214844"",""28.62906265258789"",""28.62906265258789"",""28.62906265258789"",""29.82426643371582"",""29.82426643371582"",""29.82426643371582"",""29.45435333251953"",""29.45435333251953"",""29.45435333251953"",""27.8963680267334"",""27.8963680267334"",""27.8963680267334"",""33.68000030517578"",""33.68000030517578"",""33.68000030517578"""
"22,""31.70790672302246"",""31.70790672302246"",""31.70790672302246"",""27.842464447021484"",""27.842464447021484"",""27.842464447021484"",""27.742717742919922"",""27.742717742919922"",""27.742717742919922"",""25.335956573486328"",""25.335956573486328"",""25.335956573486328"",""28.30027961730957"",""28.30027961730957"",""28.30027961730957"",""27.940000534057617"",""27.940000534057617"",""27.940000534057617"""
"23,""30.305700302124023"",""30.305700302124023"",""30.305700302124023"",""24.011032104492188"",""24.011032104492188"",""24.011032104492188"",""24.280776977539062"",""24.280776977539062"",""24.280776977539062"",""21.00479507446289"",""21.00479507446289"",""21.00479507446289"",""27.897602081298828"",""27.897602081298828"",""27.897602081298828"",""27.940000534057617"",""27.940000534057617"",""27.940000534057617"""
"24,""21.339509963989258"",""21.339509963989258"",""21.339509963989258"",""20.249540328979492"",""20.249540328979492"",""20.249540328979492"",""20.678163528442383"",""20.678163528442383"",""20.678163528442383"",""19.94589614868164"",""19.94589614868164"",""19.94589614868164"",""22.133642196655273"",""22.133642196655273"",""22.133642196655273"",""19.010000228881836"",""19.010000228881836"",""19.010000228881836"""
"25,""19.05669593811035"",""19.05669593811035"",""19.05669593811035"",""17.45077896118164"",""17.45077896118164"",""17.45077896118164"",""17.935585021972656"",""17.935585021972656"",""17.935585021972656"",""18.097347259521484"",""18.097347259521484"",""18.097347259521484"",""19.438201904296875"",""19.438201904296875"",""19.438201904296875"",""17.90999984741211"",""17.90999984741211"",""17.90999984741211"""
"26,""19.421640396118164"",""19.421640396118164"",""19.421640396118164"",""17.6490421295166"",""17.6490421295166"",""17.6490421295166"",""18.21622085571289"",""18.21622085571289"",""18.21622085571289"",""18.240886688232422"",""18.240886688232422"",""18.240886688232422"",""20.229732513427734"",""20.229732513427734"",""20.229732513427734"",""17.940000534057617"",""17.940000534057617"",""17.940000534057617"""
"27,""19.594005584716797"",""19.594005584716797"",""19.594005584716797"",""17.560375213623047"",""17.560375213623047"",""17.560375213623047"",""18.66098403930664"",""18.66098403930664"",""18.66098403930664"",""18.455730438232422"",""18.455730438232422"",""18.455730438232422"",""20.544973373413086"",""20.544973373413086"",""20.544973373413086"",""17.399999618530273"",""17.399999618530273"",""17.399999618530273"""
"28,""19.944002151489258"",""19.944002151489258"",""19.944002151489258"",""17.648805618286133"",""17.648805618286133"",""17.648805618286133"",""19.073612213134766"",""19.073612213134766"",""19.073612213134766"",""18.947879791259766"",""18.947879791259766"",""18.947879791259766"",""20.704538345336914"",""20.704538345336914"",""20.704538345336914"",""17.850000381469727"",""17.850000381469727"",""17.850000381469727"""
"29,""19.591127395629883"",""19.591127395629883"",""19.591127395629883"",""17.445112228393555"",""17.445112228393555"",""17.445112228393555"",""18.852645874023438"",""18.852645874023438"",""18.852645874023438"",""18.922412872314453"",""18.922412872314453"",""18.922412872314453"",""20.346309661865234"",""20.346309661865234"",""20.346309661865234"",""17.420000076293945"",""17.420000076293945"",""17.420000076293945"""
"30,""18.521459579467773"",""18.521459579467773"",""18.521459579467773"",""16.400014877319336"",""16.400014877319336"",""16.400014877319336"",""17.37024688720703"",""17.37024688720703"",""17.37024688720703"",""17.66799545288086"",""17.66799545288086"",""17.66799545288086"",""19.308286666870117"",""19.308286666870117"",""19.308286666870117"",""18.399999618530273"",""18.399999618530273"",""18.399999618530273"""
"31,""16.6243839263916"",""16.6243839263916"",""16.6243839263916"",""14.818696022033691"",""14.818696022033691"",""14.818696022033691"",""14.60512924194336"",""14.60512924194336"",""14.60512924194336"",""15.86330795288086"",""15.86330795288086"",""15.86330795288086"",""17.1090145111084"",""17.1090145111084"",""17.1090145111084"",""16.729999542236328"",""16.729999542236328"",""16.729999542236328"""
"32,""13.767582893371582"",""13.767582893371582"",""13.767582893371582"",""12.347228050231934"",""12.347228050231934"",""12.347228050231934"",""11.57290267944336"",""11.57290267944336"",""11.57290267944336"",""13.05532169342041"",""13.05532169342041"",""13.05532169342041"",""14.503827095031738"",""14.503827095031738"",""14.503827095031738"",""13.449999809265137"",""13.449999809265137"",""13.449999809265137"""
"33,""10.405166625976562"",""10.405166625976562"",""10.405166625976562"",""9.796186447143555"",""9.796186447143555"",""9.796186447143555"",""8.693991661071777"",""8.693991661071777"",""8.693991661071777"",""9.973139762878418"",""9.973139762878418"",""9.973139762878418"",""11.86600112915039"",""11.86600112915039"",""11.86600112915039"",""10.779999732971191"",""10.779999732971191"",""10.779999732971191"""
"34,""7.442845821380615"",""7.442845821380615"",""7.442845821380615"",""7.03962516784668"",""7.03962516784668"",""7.03962516784668"",""6.788349628448486"",""6.788349628448486"",""6.788349628448486"",""7.204599380493164"",""7.204599380493164"",""7.204599380493164"",""9.142180442810059"",""9.142180442810059"",""9.142180442810059"",""10.699999809265137"",""10.699999809265137"",""10.699999809265137"""
"35,""5.3182244300842285"",""5.3182244300842285"",""5.3182244300842285"",""4.943669319152832"",""4.943669319152832"",""4.943669319152832"",""5.443961143493652"",""5.443961143493652"",""5.443961143493652"",""5.386361122131348"",""5.386361122131348"",""5.386361122131348"",""7.203798294067383"",""7.203798294067383"",""7.203798294067383"",""11.119999885559082"",""11.119999885559082"",""11.119999885559082"""
"36,""5.457931995391846"",""5.457931995391846"",""5.457931995391846"",""4.748567581176758"",""4.748567581176758"",""4.748567581176758"",""6.210360050201416"",""6.210360050201416"",""6.210360050201416"",""5.085876941680908"",""5.085876941680908"",""5.085876941680908"",""7.354313850402832"",""7.354313850402832"",""7.354313850402832"",""11.930000305175781"",""11.930000305175781"",""11.930000305175781"""
"37,""6.366880416870117"",""6.366880416870117"",""6.366880416870117"",""5.626340866088867"",""5.626340866088867"",""5.626340866088867"",""8.501694679260254"",""8.501694679260254"",""8.501694679260254"",""6.411862850189209"",""6.411862850189209"",""6.411862850189209"",""8.134339332580566"",""8.134339332580566"",""8.134339332580566"",""13.859999656677246"",""13.859999656677246"",""13.859999656677246"""
"38,""7.704380512237549"",""7.704380512237549"",""7.704380512237549"",""7.179864883422852"",""7.179864883422852"",""7.179864883422852"",""10.517950057983398"",""10.517950057983398"",""10.517950057983398"",""7.866674900054932"",""7.866674900054932"",""7.866674900054932"",""10.053572654724121"",""10.053572654724121"",""10.053572654724121"",""15.699999809265137"",""15.699999809265137"",""15.699999809265137"""
"39,""9.794027328491211"",""9.794027328491211"",""9.794027328491211"",""9.696910858154297"",""9.696910858154297"",""9.696910858154297"",""12.103318214416504"",""12.103318214416504"",""12.103318214416504"",""10.533626556396484"",""10.533626556396484"",""10.533626556396484"",""12.709800720214844"",""12.709800720214844"",""12.709800720214844"",""16.559999465942383"",""16.559999465942383"",""16.559999465942383"""
"40,""12.886802673339844"",""12.886802673339844"",""12.886802673339844"",""13.484488487243652"",""13.484488487243652"",""13.484488487243652"",""14.690107345581055"",""14.690107345581055"",""14.690107345581055"",""15.971909523010254"",""15.971909523010254"",""15.971909523010254"",""16.228221893310547"",""16.228221893310547"",""16.228221893310547"",""17.040000915527344"",""17.040000915527344"",""17.040000915527344"""
"41,""16.667266845703125"",""16.667266845703125"",""16.667266845703125"",""18.11520767211914"",""18.11520767211914"",""18.11520767211914"",""17.05959701538086"",""17.05959701538086"",""17.05959701538086"",""21.478351593017578"",""21.478351593017578"",""21.478351593017578"",""20.553897857666016"",""20.553897857666016"",""20.553897857666016"",""19.1299991607666"",""19.1299991607666"",""19.1299991607666"""
"42,""22.244382858276367"",""22.244382858276367"",""22.244382858276367"",""22.79433822631836"",""22.79433822631836"",""22.79433822631836"",""20.845020294189453"",""20.845020294189453"",""20.845020294189453"",""26.977436065673828"",""26.977436065673828"",""26.977436065673828"",""25.341228485107422"",""25.341228485107422"",""25.341228485107422"",""29.219999313354492"",""29.219999313354492"",""29.219999313354492"""
"43,""29.395740509033203"",""29.395740509033203"",""29.395740509033203"",""27.220178604125977"",""27.220178604125977"",""27.220178604125977"",""25.21087646484375"",""25.21087646484375"",""25.21087646484375"",""32.185020446777344"",""32.185020446777344"",""32.185020446777344"",""29.7492733001709"",""29.7492733001709"",""29.7492733001709"",""33.470001220703125"",""33.470001220703125"",""33.470001220703125"""
"44,""33.808082580566406"",""33.808082580566406"",""33.808082580566406"",""30.464054107666016"",""30.464054107666016"",""30.464054107666016"",""29.945022583007812"",""29.945022583007812"",""29.945022583007812"",""33.59235763549805"",""33.59235763549805"",""33.59235763549805"",""32.79145431518555"",""32.79145431518555"",""32.79145431518555"",""43.97999954223633"",""43.97999954223633"",""43.97999954223633"""
"45,""33.609710693359375"",""33.609710693359375"",""33.609710693359375"",""30.969146728515625"",""30.969146728515625"",""30.969146728515625"",""29.179370880126953"",""29.179370880126953"",""29.179370880126953"",""30.118175506591797"",""30.118175506591797"",""30.118175506591797"",""32.74591827392578"",""32.74591827392578"",""32.74591827392578"",""36.7400016784668"",""36.7400016784668"",""36.7400016784668"""
"46,""29.30489158630371"",""29.30489158630371"",""29.30489158630371"",""28.577070236206055"",""28.577070236206055"",""28.577070236206055"",""24.80051612854004"",""24.80051612854004"",""24.80051612854004"",""24.91799545288086"",""24.91799545288086"",""24.91799545288086"",""28.936538696289062"",""28.936538696289062"",""28.936538696289062"",""32.81999969482422"",""32.81999969482422"",""32.81999969482422"""
"47,""24.327119827270508"",""24.327119827270508"",""24.327119827270508"",""23.922840118408203"",""23.922840118408203"",""23.922840118408203"",""21.70911979675293"",""21.70911979675293"",""21.70911979675293"",""21.451431274414062"",""21.451431274414062"",""21.451431274414062"",""25.459880828857422"",""25.459880828857422"",""25.459880828857422"",""24.690000534057617"",""24.690000534057617"",""24.690000534057617"""
"48,""21.03919219970703"",""21.03919219970703"",""21.03919219970703"",""21.63556480407715"",""21.63556480407715"",""21.63556480407715"",""19.81700325012207"",""19.81700325012207"",""19.81700325012207"",""20.768545150756836"",""20.768545150756836"",""20.768545150756836"",""20.298595428466797"",""20.298595428466797"",""20.298595428466797"",""21.6299991607666"",""21.6299991607666"",""21.6299991607666"""
"49,""20.082834243774414"",""20.082834243774414"",""20.082834243774414"",""20.198406219482422"",""20.198406219482422"",""20.198406219482422"",""17.41635513305664"",""17.41635513305664"",""17.41635513305664"",""19.256397247314453"",""19.256397247314453"",""19.256397247314453"",""17.82131004333496"",""17.82131004333496"",""17.82131004333496"",""16.770000457763672"",""16.770000457763672"",""16.770000457763672"""
"50,""18.68649673461914"",""18.68649673461914"",""18.68649673461914"",""19.592119216918945"",""19.592119216918945"",""19.592119216918945"",""17.456972122192383"",""17.456972122192383"",""17.456972122192383"",""18.28071403503418"",""18.28071403503418"",""18.28071403503418"",""18.139591217041016"",""18.139591217041016"",""18.139591217041016"",""16.170000076293945"",""16.170000076293945"",""16.170000076293945"""
"51,""18.254772186279297"",""18.254772186279297"",""18.254772186279297"",""19.292497634887695"",""19.292497634887695"",""19.292497634887695"",""17.680885314941406"",""17.680885314941406"",""17.680885314941406"",""17.730825424194336"",""17.730825424194336"",""17.730825424194336"",""17.718618392944336"",""17.718618392944336"",""17.718618392944336"",""15.109999656677246"",""15.109999656677246"",""15.109999656677246"""
"52,""18.394001007080078"",""18.394001007080078"",""18.394001007080078"",""18.877737045288086"",""18.877737045288086"",""18.877737045288086"",""17.96109390258789"",""17.96109390258789"",""17.96109390258789"",""17.672048568725586"",""17.672048568725586"",""17.672048568725586"",""17.572107315063477"",""17.572107315063477"",""17.572107315063477"",""15.90999984741211"",""15.90999984741211"",""15.90999984741211"""
"53,""19.473562240600586"",""19.473562240600586"",""19.473562240600586"",""18.615324020385742"",""18.615324020385742"",""18.615324020385742"",""17.762996673583984"",""17.762996673583984"",""17.762996673583984"",""17.1341495513916"",""17.1341495513916"",""17.1341495513916"",""17.550397872924805"",""17.550397872924805"",""17.550397872924805"",""16.3799991607666"",""16.3799991607666"",""16.3799991607666"""
"54,""20.296188354492188"",""20.296188354492188"",""20.296188354492188"",""18.193727493286133"",""18.193727493286133"",""18.193727493286133"",""18.535770416259766"",""18.535770416259766"",""18.535770416259766"",""18.410320281982422"",""18.410320281982422"",""18.410320281982422"",""19.01893424987793"",""19.01893424987793"",""19.01893424987793"",""18.709999084472656"",""18.709999084472656"",""18.709999084472656"""
"55,""21.185293197631836"",""21.185293197631836"",""21.185293197631836"",""19.155597686767578"",""19.155597686767578"",""19.155597686767578"",""19.441009521484375"",""19.441009521484375"",""19.441009521484375"",""19.564027786254883"",""19.564027786254883"",""19.564027786254883"",""20.074642181396484"",""20.074642181396484"",""20.074642181396484"",""17.559999465942383"",""17.559999465942383"",""17.559999465942383"""
"56,""22.061620712280273"",""22.061620712280273"",""22.061620712280273"",""20.65120506286621"",""20.65120506286621"",""20.65120506286621"",""20.701770782470703"",""20.701770782470703"",""20.701770782470703"",""21.46902847290039"",""21.46902847290039"",""21.46902847290039"",""20.990381240844727"",""20.990381240844727"",""20.990381240844727"",""21.6299991607666"",""21.6299991607666"",""21.6299991607666"""
"57,""23.688364028930664"",""23.688364028930664"",""23.688364028930664"",""25.04030990600586"",""25.04030990600586"",""25.04030990600586"",""22.72362518310547"",""22.72362518310547"",""22.72362518310547"",""25.463539123535156"",""25.463539123535156"",""25.463539123535156"",""22.86263084411621"",""22.86263084411621"",""22.86263084411621"",""27.8799991607666"",""27.8799991607666"",""27.8799991607666"""
"58,""24.6236572265625"",""24.6236572265625"",""24.6236572265625"",""28.548871994018555"",""28.548871994018555"",""28.548871994018555"",""24.191415786743164"",""24.191415786743164"",""24.191415786743164"",""23.869403839111328"",""23.869403839111328"",""23.869403839111328"",""26.60978889465332"",""26.60978889465332"",""26.60978889465332"",""25.530000686645508"",""25.530000686645508"",""25.530000686645508"""
"59,""30.664478302001953"",""30.664478302001953"",""30.664478302001953"",""34.729652404785156"",""34.729652404785156"",""34.729652404785156"",""29.479215621948242"",""29.479215621948242"",""29.479215621948242"",""26.980501174926758"",""26.980501174926758"",""26.980501174926758"",""29.93609046936035"",""29.93609046936035"",""29.93609046936035"",""21.799999237060547"",""21.799999237060547"",""21.799999237060547"""
"60,""27.80624771118164"",""27.80624771118164"",""27.80624771118164"",""33.80103302001953"",""33.80103302001953"",""33.80103302001953"",""27.62993812561035"",""27.62993812561035"",""27.62993812561035"",""30.067087173461914"",""30.067087173461914"",""30.067087173461914"",""28.2233943939209"",""28.2233943939209"",""28.2233943939209"",""20.84000015258789"",""20.84000015258789"",""20.84000015258789"""
"61,""24.662303924560547"",""24.662303924560547"",""24.662303924560547"",""27.331140518188477"",""27.331140518188477"",""27.331140518188477"",""23.011539459228516"",""23.011539459228516"",""23.011539459228516"",""24.198461532592773"",""24.198461532592773"",""24.198461532592773"",""25.183088302612305"",""25.183088302612305"",""25.183088302612305"",""21.209999084472656"",""21.209999084472656"",""21.209999084472656"""
"62,""22.049793243408203"",""22.049793243408203"",""22.049793243408203"",""22.705764770507812"",""22.705764770507812"",""22.705764770507812"",""20.421768188476562"",""20.421768188476562"",""20.421768188476562"",""20.71235466003418"",""20.71235466003418"",""20.71235466003418"",""22.22731590270996"",""22.22731590270996"",""22.22731590270996"",""20.90999984741211"",""20.90999984741211"",""20.90999984741211"""
"63,""21.37488555908203"",""21.37488555908203"",""21.37488555908203"",""21.332027435302734"",""21.332027435302734"",""21.332027435302734"",""18.52142333984375"",""18.52142333984375"",""18.52142333984375"",""18.377721786499023"",""18.377721786499023"",""18.377721786499023"",""21.07931137084961"",""21.07931137084961"",""21.07931137084961"",""19.440000534057617"",""19.440000534057617"",""19.440000534057617"""
"64,""21.276947021484375"",""21.276947021484375"",""21.276947021484375"",""18.689802169799805"",""18.689802169799805"",""18.689802169799805"",""16.845375061035156"",""16.845375061035156"",""16.845375061035156"",""17.67254638671875"",""17.67254638671875"",""17.67254638671875"",""20.17625617980957"",""20.17625617980957"",""20.17625617980957"",""19.790000915527344"",""19.790000915527344"",""19.790000915527344"""
"65,""21.6580867767334"",""21.6580867767334"",""21.6580867767334"",""18.39929962158203"",""18.39929962158203"",""18.39929962158203"",""15.851153373718262"",""15.851153373718262"",""15.851153373718262"",""17.451066970825195"",""17.451066970825195"",""17.451066970825195"",""20.49000358581543"",""20.49000358581543"",""20.49000358581543"",""19.030000686645508"",""19.030000686645508"",""19.030000686645508"""
"66,""21.939794540405273"",""21.939794540405273"",""21.939794540405273"",""18.03423500061035"",""18.03423500061035"",""18.03423500061035"",""15.336958885192871"",""15.336958885192871"",""15.336958885192871"",""17.535568237304688"",""17.535568237304688"",""17.535568237304688"",""20.46095085144043"",""20.46095085144043"",""20.46095085144043"",""17.520000457763672"",""17.520000457763672"",""17.520000457763672"""
"67,""21.292892456054688"",""21.292892456054688"",""21.292892456054688"",""17.92450523376465"",""17.92450523376465"",""17.92450523376465"",""15.417160987854004"",""15.417160987854004"",""15.417160987854004"",""18.02507972717285"",""18.02507972717285"",""18.02507972717285"",""20.409008026123047"",""20.409008026123047"",""20.409008026123047"",""16.219999313354492"",""16.219999313354492"",""16.219999313354492"""
"68,""21.321317672729492"",""21.321317672729492"",""21.321317672729492"",""18.543537139892578"",""18.543537139892578"",""18.543537139892578"",""15.975241661071777"",""15.975241661071777"",""15.975241661071777"",""18.467775344848633"",""18.467775344848633"",""18.467775344848633"",""20.09392738342285"",""20.09392738342285"",""20.09392738342285"",""16.889999389648438"",""16.889999389648438"",""16.889999389648438"""
"69,""21.267364501953125"",""21.267364501953125"",""21.267364501953125"",""19.121835708618164"",""19.121835708618164"",""19.121835708618164"",""16.505859375"",""16.505859375"",""16.505859375"",""18.669946670532227"",""18.669946670532227"",""18.669946670532227"",""19.666391372680664"",""19.666391372680664"",""19.666391372680664"",""17.5"",""17.5"",""17.5"""
"70,""22.39031982421875"",""22.39031982421875"",""22.39031982421875"",""20.916044235229492"",""20.916044235229492"",""20.916044235229492"",""17.719863891601562"",""17.719863891601562"",""17.719863891601562"",""19.586795806884766"",""19.586795806884766"",""19.586795806884766"",""20.59562110900879"",""20.59562110900879"",""20.59562110900879"",""17.6200008392334"",""17.6200008392334"",""17.6200008392334"""
"71,""22.762922286987305"",""22.762922286987305"",""22.762922286987305"",""21.784929275512695"",""21.784929275512695"",""21.784929275512695"",""19.17839813232422"",""19.17839813232422"",""19.17839813232422"",""19.303897857666016"",""19.303897857666016"",""19.303897857666016"",""20.17106056213379"",""20.17106056213379"",""20.17106056213379"",""20.1299991607666"",""20.1299991607666"",""20.1299991607666"""
"72,""20.183984756469727"",""20.183984756469727"",""20.183984756469727"",""20.759305953979492"",""20.759305953979492"",""20.759305953979492"",""20.951162338256836"",""20.951162338256836"",""20.951162338256836"",""21.621891021728516"",""21.621891021728516"",""21.621891021728516"",""20.636178970336914"",""20.636178970336914"",""20.636178970336914"",""19.600000381469727"",""19.600000381469727"",""19.600000381469727"""
"73,""20.22533416748047"",""20.22533416748047"",""20.22533416748047"",""23.756084442138672"",""23.756084442138672"",""23.756084442138672"",""22.17962074279785"",""22.17962074279785"",""22.17962074279785"",""22.68824577331543"",""22.68824577331543"",""22.68824577331543"",""21.487688064575195"",""21.487688064575195"",""21.487688064575195"",""21.43000030517578"",""21.43000030517578"",""21.43000030517578"""
"74,""20.599903106689453"",""20.599903106689453"",""20.599903106689453"",""28.45456314086914"",""28.45456314086914"",""28.45456314086914"",""24.258028030395508"",""24.258028030395508"",""24.258028030395508"",""23.974613189697266"",""23.974613189697266"",""23.974613189697266"",""22.27199363708496"",""22.27199363708496"",""22.27199363708496"",""19.530000686645508"",""19.530000686645508"",""19.530000686645508"""
"75,""20.370330810546875"",""20.370330810546875"",""20.370330810546875"",""33.01129150390625"",""33.01129150390625"",""33.01129150390625"",""25.825889587402344"",""25.825889587402344"",""25.825889587402344"",""24.969980239868164"",""24.969980239868164"",""24.969980239868164"",""23.302169799804688"",""23.302169799804688"",""23.302169799804688"",""22.31999969482422"",""22.31999969482422"",""22.31999969482422"""
"76,""21.301292419433594"",""21.301292419433594"",""21.301292419433594"",""40.095611572265625"",""40.095611572265625"",""40.095611572265625"",""30.22710609436035"",""30.22710609436035"",""30.22710609436035"",""28.512304306030273"",""28.512304306030273"",""28.512304306030273"",""27.812149047851562"",""27.812149047851562"",""27.812149047851562"",""37.70000076293945"",""37.70000076293945"",""37.70000076293945"""
"77,""24.308658599853516"",""24.308658599853516"",""24.308658599853516"",""41.3120002746582"",""41.3120002746582"",""41.3120002746582"",""33.81047439575195"",""33.81047439575195"",""33.81047439575195"",""30.641460418701172"",""30.641460418701172"",""30.641460418701172"",""32.0499382019043"",""32.0499382019043"",""32.0499382019043"",""55.619998931884766"",""55.619998931884766"",""55.619998931884766"""
"78,""29.75599479675293"",""29.75599479675293"",""29.75599479675293"",""42.891807556152344"",""42.891807556152344"",""42.891807556152344"",""40.21013259887695"",""40.21013259887695"",""40.21013259887695"",""34.09525680541992"",""34.09525680541992"",""34.09525680541992"",""34.2532844543457"",""34.2532844543457"",""34.2532844543457"",""116.30999755859375"",""116.30999755859375"",""116.30999755859375"""
"79,""33.42123031616211"",""33.42123031616211"",""33.42123031616211"",""39.55342483520508"",""39.55342483520508"",""39.55342483520508"",""42.10039138793945"",""42.10039138793945"",""42.10039138793945"",""34.32065200805664"",""34.32065200805664"",""34.32065200805664"",""34.48200607299805"",""34.48200607299805"",""34.48200607299805"",""43.470001220703125"",""43.470001220703125"",""43.470001220703125"""
"80,""34.33503723144531"",""34.33503723144531"",""34.33503723144531"",""33.694149017333984"",""33.694149017333984"",""33.694149017333984"",""37.50699234008789"",""37.50699234008789"",""37.50699234008789"",""28.714515686035156"",""28.714515686035156"",""28.714515686035156"",""32.20528793334961"",""32.20528793334961"",""32.20528793334961"",""35.61000061035156"",""35.61000061035156"",""35.61000061035156"""
"81,""29.258411407470703"",""29.258411407470703"",""29.258411407470703"",""25.84975242614746"",""25.84975242614746"",""25.84975242614746"",""29.157522201538086"",""29.157522201538086"",""29.157522201538086"",""21.169387817382812"",""21.169387817382812"",""21.169387817382812"",""25.941726684570312"",""25.941726684570312"",""25.941726684570312"",""22.600000381469727"",""22.600000381469727"",""22.600000381469727"""
"82,""22.732295989990234"",""22.732295989990234"",""22.732295989990234"",""22.472965240478516"",""22.472965240478516"",""22.472965240478516"",""23.74259376525879"",""23.74259376525879"",""23.74259376525879"",""19.247623443603516"",""19.247623443603516"",""19.247623443603516"",""21.256710052490234"",""21.256710052490234"",""21.256710052490234"",""22.709999084472656"",""22.709999084472656"",""22.709999084472656"""
"83,""20.560762405395508"",""20.560762405395508"",""20.560762405395508"",""22.12867546081543"",""22.12867546081543"",""22.12867546081543"",""20.397480010986328"",""20.397480010986328"",""20.397480010986328"",""18.66722297668457"",""18.66722297668457"",""18.66722297668457"",""20.044639587402344"",""20.044639587402344"",""20.044639587402344"",""21.579999923706055"",""21.579999923706055"",""21.579999923706055"""
"84,""19.37991714477539"",""19.37991714477539"",""19.37991714477539"",""21.130102157592773"",""21.130102157592773"",""21.130102157592773"",""18.65912437438965"",""18.65912437438965"",""18.65912437438965"",""18.21746826171875"",""18.21746826171875"",""18.21746826171875"",""19.226696014404297"",""19.226696014404297"",""19.226696014404297"",""21.239999771118164"",""21.239999771118164"",""21.239999771118164"""
"85,""18.7808780670166"",""18.7808780670166"",""18.7808780670166"",""20.16844940185547"",""20.16844940185547"",""20.16844940185547"",""17.520326614379883"",""17.520326614379883"",""17.520326614379883"",""18.109024047851562"",""18.109024047851562"",""18.109024047851562"",""18.65451431274414"",""18.65451431274414"",""18.65451431274414"",""22.700000762939453"",""22.700000762939453"",""22.700000762939453"""
"86,""18.59605598449707"",""18.59605598449707"",""18.59605598449707"",""19.389122009277344"",""19.389122009277344"",""19.389122009277344"",""16.449172973632812"",""16.449172973632812"",""16.449172973632812"",""17.546634674072266"",""17.546634674072266"",""17.546634674072266"",""18.270069122314453"",""18.270069122314453"",""18.270069122314453"",""22.15999984741211"",""22.15999984741211"",""22.15999984741211"""
"87,""18.756723403930664"",""18.756723403930664"",""18.756723403930664"",""18.003374099731445"",""18.003374099731445"",""18.003374099731445"",""15.704355239868164"",""15.704355239868164"",""15.704355239868164"",""17.42517852783203"",""17.42517852783203"",""17.42517852783203"",""18.47297477722168"",""18.47297477722168"",""18.47297477722168"",""20.020000457763672"",""20.020000457763672"",""20.020000457763672"""
"88,""18.487285614013672"",""18.487285614013672"",""18.487285614013672"",""16.961341857910156"",""16.961341857910156"",""16.961341857910156"",""15.539043426513672"",""15.539043426513672"",""15.539043426513672"",""16.325172424316406"",""16.325172424316406"",""16.325172424316406"",""18.211036682128906"",""18.211036682128906"",""18.211036682128906"",""19.280000686645508"",""19.280000686645508"",""19.280000686645508"""
"89,""18.3795108795166"",""18.3795108795166"",""18.3795108795166"",""16.762800216674805"",""16.762800216674805"",""16.762800216674805"",""16.0913028717041"",""16.0913028717041"",""16.0913028717041"",""16.42637825012207"",""16.42637825012207"",""16.42637825012207"",""18.29804229736328"",""18.29804229736328"",""18.29804229736328"",""19.100000381469727"",""19.100000381469727"",""19.100000381469727"""
"90,""18.481367111206055"",""18.481367111206055"",""18.481367111206055"",""17.215526580810547"",""17.215526580810547"",""17.215526580810547"",""16.487468719482422"",""16.487468719482422"",""16.487468719482422"",""17.15449333190918"",""17.15449333190918"",""17.15449333190918"",""18.095361709594727"",""18.095361709594727"",""18.095361709594727"",""20.020000457763672"",""20.020000457763672"",""20.020000457763672"""
"91,""19.353988647460938"",""19.353988647460938"",""19.353988647460938"",""19.127254486083984"",""19.127254486083984"",""19.127254486083984"",""18.282608032226562"",""18.282608032226562"",""18.282608032226562"",""18.864601135253906"",""18.864601135253906"",""18.864601135253906"",""19.405014038085938"",""19.405014038085938"",""19.405014038085938"",""23.90999984741211"",""23.90999984741211"",""23.90999984741211"""
"92,""19.561519622802734"",""19.561519622802734"",""19.561519622802734"",""19.849721908569336"",""19.849721908569336"",""19.849721908569336"",""19.293554306030273"",""19.293554306030273"",""19.293554306030273"",""19.784770965576172"",""19.784770965576172"",""19.784770965576172"",""19.3414363861084"",""19.3414363861084"",""19.3414363861084"",""26.65999984741211"",""26.65999984741211"",""26.65999984741211"""
"93,""20.039777755737305"",""20.039777755737305"",""20.039777755737305"",""20.672435760498047"",""20.672435760498047"",""20.672435760498047"",""21.310590744018555"",""21.310590744018555"",""21.310590744018555"",""21.093326568603516"",""21.093326568603516"",""21.093326568603516"",""20.20981788635254"",""20.20981788635254"",""20.20981788635254"",""32.189998626708984"",""32.189998626708984"",""32.189998626708984"""
"94,""20.8499698638916"",""20.8499698638916"",""20.8499698638916"",""21.67395782470703"",""21.67395782470703"",""21.67395782470703"",""22.791152954101562"",""22.791152954101562"",""22.791152954101562"",""22.65125274658203"",""22.65125274658203"",""22.65125274658203"",""21.079627990722656"",""21.079627990722656"",""21.079627990722656"",""31.719999313354492"",""31.719999313354492"",""31.719999313354492"""
"95,""21.304893493652344"",""21.304893493652344"",""21.304893493652344"",""22.270673751831055"",""22.270673751831055"",""22.270673751831055"",""23.791597366333008"",""23.791597366333008"",""23.791597366333008"",""24.080852508544922"",""24.080852508544922"",""24.080852508544922"",""22.013168334960938"",""22.013168334960938"",""22.013168334960938"",""31.979999542236328"",""31.979999542236328"",""31.979999542236328"""
"96,""25.556501388549805"",""25.556501388549805"",""25.556501388549805"",""29.111040115356445"",""29.111040115356445"",""29.111040115356445"",""26.499597549438477"",""26.499597549438477"",""26.499597549438477"",""26.059036254882812"",""26.059036254882812"",""26.059036254882812"",""31.771394729614258"",""31.771394729614258"",""31.771394729614258"",""39.41999816894531"",""39.41999816894531"",""39.41999816894531"""
"97,""31.5820255279541"",""31.5820255279541"",""31.5820255279541"",""37.288246154785156"",""37.288246154785156"",""37.288246154785156"",""29.15473175048828"",""29.15473175048828"",""29.15473175048828"",""30.42761993408203"",""30.42761993408203"",""30.42761993408203"",""37.98188018798828"",""37.98188018798828"",""37.98188018798828"",""475.7900085449219"",""475.7900085449219"",""475.7900085449219"""
"98,""39.132904052734375"",""39.132904052734375"",""39.132904052734375"",""43.780479431152344"",""43.780479431152344"",""43.780479431152344"",""32.48661804199219"",""32.48661804199219"",""32.48661804199219"",""36.47636032104492"",""36.47636032104492"",""36.47636032104492"",""41.31688690185547"",""41.31688690185547"",""41.31688690185547"",""462.0899963378906"",""462.0899963378906"",""462.0899963378906"""
"99,""42.10315704345703"",""42.10315704345703"",""42.10315704345703"",""45.56480026245117"",""45.56480026245117"",""45.56480026245117"",""40.01337432861328"",""40.01337432861328"",""40.01337432861328"",""40.805259704589844"",""40.805259704589844"",""40.805259704589844"",""42.02546310424805"",""42.02546310424805"",""42.02546310424805"",""525.0800170898438"",""525.0800170898438"",""525.0800170898438"""
"100,""37.486961364746094"",""37.486961364746094"",""37.486961364746094"",""40.30902862548828"",""40.30902862548828"",""40.30902862548828"",""42.34272384643555"",""42.34272384643555"",""42.34272384643555"",""33.56282043457031"",""33.56282043457031"",""33.56282043457031"",""38.6614990234375"",""38.6614990234375"",""38.6614990234375"",""555.0499877929688"",""555.0499877929688"",""555.0499877929688"""
"101,""29.707660675048828"",""29.707660675048828"",""29.707660675048828"",""34.10136032104492"",""34.10136032104492"",""34.10136032104492"",""38.31050491333008"",""38.31050491333008"",""38.31050491333008"",""26.548744201660156"",""26.548744201660156"",""26.548744201660156"",""33.91319274902344"",""33.91319274902344"",""33.91319274902344"",""225.35000610351562"",""225.35000610351562"",""225.35000610351562"""
"102,""24.611419677734375"",""24.611419677734375"",""24.611419677734375"",""29.367820739746094"",""29.367820739746094"",""29.367820739746094"",""31.58770751953125"",""31.58770751953125"",""31.58770751953125"",""23.949726104736328"",""23.949726104736328"",""23.949726104736328"",""28.87337875366211"",""28.87337875366211"",""28.87337875366211"",""43.630001068115234"",""43.630001068115234"",""43.630001068115234"""
"103,""22.654319763183594"",""22.654319763183594"",""22.654319763183594"",""25.76565933227539"",""25.76565933227539"",""25.76565933227539"",""27.021408081054688"",""27.021408081054688"",""27.021408081054688"",""22.76795768737793"",""22.76795768737793"",""22.76795768737793"",""26.142940521240234"",""26.142940521240234"",""26.142940521240234"",""35.75"",""35.75"",""35.75"""
"104,""22.03954315185547"",""22.03954315185547"",""22.03954315185547"",""23.557790756225586"",""23.557790756225586"",""23.557790756225586"",""24.79974365234375"",""24.79974365234375"",""24.79974365234375"",""22.42436981201172"",""22.42436981201172"",""22.42436981201172"",""25.261131286621094"",""25.261131286621094"",""25.261131286621094"",""29.18000030517578"",""29.18000030517578"",""29.18000030517578"""
"105,""22.076759338378906"",""22.076759338378906"",""22.076759338378906"",""22.068572998046875"",""22.068572998046875"",""22.068572998046875"",""22.059114456176758"",""22.059114456176758"",""22.059114456176758"",""20.750965118408203"",""20.750965118408203"",""20.750965118408203"",""23.011363983154297"",""23.011363983154297"",""23.011363983154297"",""24.690000534057617"",""24.690000534057617"",""24.690000534057617"""
"106,""21.225757598876953"",""21.225757598876953"",""21.225757598876953"",""21.365009307861328"",""21.365009307861328"",""21.365009307861328"",""21.28563690185547"",""21.28563690185547"",""21.28563690185547"",""20.521968841552734"",""20.521968841552734"",""20.521968841552734"",""21.954143524169922"",""21.954143524169922"",""21.954143524169922"",""23.8700008392334"",""23.8700008392334"",""23.8700008392334"""
"107,""21.291234970092773"",""21.291234970092773"",""21.291234970092773"",""21.517101287841797"",""21.517101287841797"",""21.517101287841797"",""21.872745513916016"",""21.872745513916016"",""21.872745513916016"",""20.891368865966797"",""20.891368865966797"",""20.891368865966797"",""22.183996200561523"",""22.183996200561523"",""22.183996200561523"",""24.1299991607666"",""24.1299991607666"",""24.1299991607666"""
"108,""21.478057861328125"",""21.478057861328125"",""21.478057861328125"",""21.670814514160156"",""21.670814514160156"",""21.670814514160156"",""23.421052932739258"",""23.421052932739258"",""23.421052932739258"",""21.05769920349121"",""21.05769920349121"",""21.05769920349121"",""22.39806365966797"",""22.39806365966797"",""22.39806365966797"",""24.3799991607666"",""24.3799991607666"",""24.3799991607666"""
"109,""21.575258255004883"",""21.575258255004883"",""21.575258255004883"",""22.195314407348633"",""22.195314407348633"",""22.195314407348633"",""23.639568328857422"",""23.639568328857422"",""23.639568328857422"",""22.308855056762695"",""22.308855056762695"",""22.308855056762695"",""23.4306640625"",""23.4306640625"",""23.4306640625"",""24.899999618530273"",""24.899999618530273"",""24.899999618530273"""
"110,""21.54059600830078"",""21.54059600830078"",""21.54059600830078"",""22.56804084777832"",""22.56804084777832"",""22.56804084777832"",""23.26813316345215"",""23.26813316345215"",""23.26813316345215"",""22.241695404052734"",""22.241695404052734"",""22.241695404052734"",""23.68666648864746"",""23.68666648864746"",""23.68666648864746"",""24.510000228881836"",""24.510000228881836"",""24.510000228881836"""
"111,""21.452714920043945"",""21.452714920043945"",""21.452714920043945"",""22.724533081054688"",""22.724533081054688"",""22.724533081054688"",""22.555862426757812"",""22.555862426757812"",""22.555862426757812"",""22.217084884643555"",""22.217084884643555"",""22.217084884643555"",""23.209575653076172"",""23.209575653076172"",""23.209575653076172"",""22.18000030517578"",""22.18000030517578"",""22.18000030517578"""
"112,""21.03063201904297"",""21.03063201904297"",""21.03063201904297"",""22.378047943115234"",""22.378047943115234"",""22.378047943115234"",""21.769451141357422"",""21.769451141357422"",""21.769451141357422"",""21.620128631591797"",""21.620128631591797"",""21.620128631591797"",""22.01593780517578"",""22.01593780517578"",""22.01593780517578"",""22.350000381469727"",""22.350000381469727"",""22.350000381469727"""
"113,""20.52098846435547"",""20.52098846435547"",""20.52098846435547"",""22.7343807220459"",""22.7343807220459"",""22.7343807220459"",""21.015783309936523"",""21.015783309936523"",""21.015783309936523"",""21.542522430419922"",""21.542522430419922"",""21.542522430419922"",""21.63525390625"",""21.63525390625"",""21.63525390625"",""23.84000015258789"",""23.84000015258789"",""23.84000015258789"""
"114,""20.91362762451172"",""20.91362762451172"",""20.91362762451172"",""22.751127243041992"",""22.751127243041992"",""22.751127243041992"",""21.120166778564453"",""21.120166778564453"",""21.120166778564453"",""21.736644744873047"",""21.736644744873047"",""21.736644744873047"",""22.439258575439453"",""22.439258575439453"",""22.439258575439453"",""24.84000015258789"",""24.84000015258789"",""24.84000015258789"""
"115,""21.646038055419922"",""21.646038055419922"",""21.646038055419922"",""22.99209213256836"",""22.99209213256836"",""22.99209213256836"",""22.28795051574707"",""22.28795051574707"",""22.28795051574707"",""22.45594024658203"",""22.45594024658203"",""22.45594024658203"",""24.0947265625"",""24.0947265625"",""24.0947265625"",""34.5"",""34.5"",""34.5"""
"116,""21.612110137939453"",""21.612110137939453"",""21.612110137939453"",""23.169469833374023"",""23.169469833374023"",""23.169469833374023"",""22.415081024169922"",""22.415081024169922"",""22.415081024169922"",""23.825010299682617"",""23.825010299682617"",""23.825010299682617"",""26.630813598632812"",""26.630813598632812"",""26.630813598632812"",""35.7400016784668"",""35.7400016784668"",""35.7400016784668"""
"117,""22.31127166748047"",""22.31127166748047"",""22.31127166748047"",""25.129924774169922"",""25.129924774169922"",""25.129924774169922"",""23.63857650756836"",""23.63857650756836"",""23.63857650756836"",""25.326251983642578"",""25.326251983642578"",""25.326251983642578"",""30.938796997070312"",""30.938796997070312"",""30.938796997070312"",""42.130001068115234"",""42.130001068115234"",""42.130001068115234"""
"118,""23.77686309814453"",""23.77686309814453"",""23.77686309814453"",""27.834854125976562"",""27.834854125976562"",""27.834854125976562"",""24.396709442138672"",""24.396709442138672"",""24.396709442138672"",""27.416282653808594"",""27.416282653808594"",""27.416282653808594"",""35.513526916503906"",""35.513526916503906"",""35.513526916503906"",""58.45000076293945"",""58.45000076293945"",""58.45000076293945"""
"119,""25.349422454833984"",""25.349422454833984"",""25.349422454833984"",""32.4378547668457"",""32.4378547668457"",""32.4378547668457"",""25.94705581665039"",""25.94705581665039"",""25.94705581665039"",""29.16019630432129"",""29.16019630432129"",""29.16019630432129"",""38.320106506347656"",""38.320106506347656"",""38.320106506347656"",""80.43000030517578"",""80.43000030517578"",""80.43000030517578"""
"120,""43.206443786621094"",""43.206443786621094"",""43.206443786621094"",""53.54130554199219"",""53.54130554199219"",""53.54130554199219"",""45.4261589050293"",""45.4261589050293"",""45.4261589050293"",""52.39741134643555"",""52.39741134643555"",""52.39741134643555"",""37.60301208496094"",""37.60301208496094"",""37.60301208496094"",""298.0799865722656"",""298.0799865722656"",""298.0799865722656"""
"121,""47.30423355102539"",""47.30423355102539"",""47.30423355102539"",""55.874977111816406"",""55.874977111816406"",""55.874977111816406"",""57.573421478271484"",""57.573421478271484"",""57.573421478271484"",""58.14646911621094"",""58.14646911621094"",""58.14646911621094"",""43.62112045288086"",""43.62112045288086"",""43.62112045288086"",""49.599998474121094"",""49.599998474121094"",""49.599998474121094"""
"122,""53.09357833862305"",""53.09357833862305"",""53.09357833862305"",""55.73439025878906"",""55.73439025878906"",""55.73439025878906"",""63.27912139892578"",""63.27912139892578"",""63.27912139892578"",""60.745052337646484"",""60.745052337646484"",""60.745052337646484"",""48.385738372802734"",""48.385738372802734"",""48.385738372802734"",""67.8499984741211"",""67.8499984741211"",""67.8499984741211"""
"123,""53.13257598876953"",""53.13257598876953"",""53.13257598876953"",""53.881919860839844"",""53.881919860839844"",""53.881919860839844"",""65.83307647705078"",""65.83307647705078"",""65.83307647705078"",""59.86082458496094"",""59.86082458496094"",""59.86082458496094"",""48.698333740234375"",""48.698333740234375"",""48.698333740234375"",""292.55999755859375"",""292.55999755859375"",""292.55999755859375"""
"124,""52.07807922363281"",""52.07807922363281"",""52.07807922363281"",""50.777103424072266"",""50.777103424072266"",""50.777103424072266"",""65.30694580078125"",""65.30694580078125"",""65.30694580078125"",""58.367767333984375"",""58.367767333984375"",""58.367767333984375"",""46.56930923461914"",""46.56930923461914"",""46.56930923461914"",""109.62999725341797"",""109.62999725341797"",""109.62999725341797"""
"125,""50.386985778808594"",""50.386985778808594"",""50.386985778808594"",""46.5533561706543"",""46.5533561706543"",""46.5533561706543"",""61.635311126708984"",""61.635311126708984"",""61.635311126708984"",""55.82932662963867"",""55.82932662963867"",""55.82932662963867"",""43.221073150634766"",""43.221073150634766"",""43.221073150634766"",""36.470001220703125"",""36.470001220703125"",""36.470001220703125"""
"126,""43.80149841308594"",""43.80149841308594"",""43.80149841308594"",""39.366695404052734"",""39.366695404052734"",""39.366695404052734"",""56.03020477294922"",""56.03020477294922"",""56.03020477294922"",""51.002017974853516"",""51.002017974853516"",""51.002017974853516"",""37.78831100463867"",""37.78831100463867"",""37.78831100463867"",""34.599998474121094"",""34.599998474121094"",""34.599998474121094"""
"127,""33.23139953613281"",""33.23139953613281"",""33.23139953613281"",""34.97334289550781"",""34.97334289550781"",""34.97334289550781"",""49.99983215332031"",""49.99983215332031"",""49.99983215332031"",""44.85519790649414"",""44.85519790649414"",""44.85519790649414"",""32.930538177490234"",""32.930538177490234"",""32.930538177490234"",""21.700000762939453"",""21.700000762939453"",""21.700000762939453"""
"128,""29.209835052490234"",""29.209835052490234"",""29.209835052490234"",""30.81670570373535"",""30.81670570373535"",""30.81670570373535"",""44.364601135253906"",""44.364601135253906"",""44.364601135253906"",""36.43465805053711"",""36.43465805053711"",""36.43465805053711"",""28.240535736083984"",""28.240535736083984"",""28.240535736083984"",""32.66999816894531"",""32.66999816894531"",""32.66999816894531"""
"129,""26.463497161865234"",""26.463497161865234"",""26.463497161865234"",""29.41526222229004"",""29.41526222229004"",""29.41526222229004"",""38.56415939331055"",""38.56415939331055"",""38.56415939331055"",""32.10003662109375"",""32.10003662109375"",""32.10003662109375"",""25.828960418701172"",""25.828960418701172"",""25.828960418701172"",""30.799999237060547"",""30.799999237060547"",""30.799999237060547"""
"130,""27.055788040161133"",""27.055788040161133"",""27.055788040161133"",""29.091901779174805"",""29.091901779174805"",""29.091901779174805"",""34.83373260498047"",""34.83373260498047"",""34.83373260498047"",""30.018505096435547"",""30.018505096435547"",""30.018505096435547"",""25.33510398864746"",""25.33510398864746"",""25.33510398864746"",""30.440000534057617"",""30.440000534057617"",""30.440000534057617"""
"131,""25.366859436035156"",""25.366859436035156"",""25.366859436035156"",""25.613666534423828"",""25.613666534423828"",""25.613666534423828"",""29.0479736328125"",""29.0479736328125"",""29.0479736328125"",""24.754745483398438"",""24.754745483398438"",""24.754745483398438"",""22.222618103027344"",""22.222618103027344"",""22.222618103027344"",""32.119998931884766"",""32.119998931884766"",""32.119998931884766"""
"132,""24.792713165283203"",""24.792713165283203"",""24.792713165283203"",""25.253293991088867"",""25.253293991088867"",""25.253293991088867"",""26.97083854675293"",""26.97083854675293"",""26.97083854675293"",""23.272064208984375"",""23.272064208984375"",""23.272064208984375"",""21.409839630126953"",""21.409839630126953"",""21.409839630126953"",""30.959999084472656"",""30.959999084472656"",""30.959999084472656"""
"133,""24.60321807861328"",""24.60321807861328"",""24.60321807861328"",""24.708467483520508"",""24.708467483520508"",""24.708467483520508"",""25.317678451538086"",""25.317678451538086"",""25.317678451538086"",""23.14725685119629"",""23.14725685119629"",""23.14725685119629"",""21.372398376464844"",""21.372398376464844"",""21.372398376464844"",""37.650001525878906"",""37.650001525878906"",""37.650001525878906"""
"134,""24.183481216430664"",""24.183481216430664"",""24.183481216430664"",""23.560617446899414"",""23.560617446899414"",""23.560617446899414"",""24.7175235748291"",""24.7175235748291"",""24.7175235748291"",""22.840106964111328"",""22.840106964111328"",""22.840106964111328"",""21.564531326293945"",""21.564531326293945"",""21.564531326293945"",""30.670000076293945"",""30.670000076293945"",""30.670000076293945"""
"135,""23.859363555908203"",""23.859363555908203"",""23.859363555908203"",""22.7193546295166"",""22.7193546295166"",""22.7193546295166"",""23.856595993041992"",""23.856595993041992"",""23.856595993041992"",""22.648128509521484"",""22.648128509521484"",""22.648128509521484"",""21.54065704345703"",""21.54065704345703"",""21.54065704345703"",""23.59000015258789"",""23.59000015258789"",""23.59000015258789"""
"136,""23.02838897705078"",""23.02838897705078"",""23.02838897705078"",""20.834135055541992"",""20.834135055541992"",""20.834135055541992"",""23.004915237426758"",""23.004915237426758"",""23.004915237426758"",""21.701921463012695"",""21.701921463012695"",""21.701921463012695"",""20.177574157714844"",""20.177574157714844"",""20.177574157714844"",""23.229999542236328"",""23.229999542236328"",""23.229999542236328"""
"137,""21.864721298217773"",""21.864721298217773"",""21.864721298217773"",""18.514251708984375"",""18.514251708984375"",""18.514251708984375"",""23.17149543762207"",""23.17149543762207"",""23.17149543762207"",""21.15064811706543"",""21.15064811706543"",""21.15064811706543"",""20.25227928161621"",""20.25227928161621"",""20.25227928161621"",""24.229999542236328"",""24.229999542236328"",""24.229999542236328"""
"138,""21.97425651550293"",""21.97425651550293"",""21.97425651550293"",""17.456605911254883"",""17.456605911254883"",""17.456605911254883"",""23.75341033935547"",""23.75341033935547"",""23.75341033935547"",""20.468914031982422"",""20.468914031982422"",""20.468914031982422"",""20.29523468017578"",""20.29523468017578"",""20.29523468017578"",""29.329999923706055"",""29.329999923706055"",""29.329999923706055"""
"139,""22.94816017150879"",""22.94816017150879"",""22.94816017150879"",""19.117876052856445"",""19.117876052856445"",""19.117876052856445"",""27.2202205657959"",""27.2202205657959"",""27.2202205657959"",""22.924335479736328"",""22.924335479736328"",""22.924335479736328"",""22.850120544433594"",""22.850120544433594"",""22.850120544433594"",""29.260000228881836"",""29.260000228881836"",""29.260000228881836"""
"140,""23.010826110839844"",""23.010826110839844"",""23.010826110839844"",""19.59708595275879"",""19.59708595275879"",""19.59708595275879"",""30.384462356567383"",""30.384462356567383"",""30.384462356567383"",""24.113252639770508"",""24.113252639770508"",""24.113252639770508"",""24.474857330322266"",""24.474857330322266"",""24.474857330322266"",""33.08000183105469"",""33.08000183105469"",""33.08000183105469"""
"141,""25.835569381713867"",""25.835569381713867"",""25.835569381713867"",""21.571168899536133"",""21.571168899536133"",""21.571168899536133"",""37.064735412597656"",""37.064735412597656"",""37.064735412597656"",""28.977367401123047"",""28.977367401123047"",""28.977367401123047"",""27.036598205566406"",""27.036598205566406"",""27.036598205566406"",""35.29999923706055"",""35.29999923706055"",""35.29999923706055"""
"142,""31.255142211914062"",""31.255142211914062"",""31.255142211914062"",""26.0850830078125"",""26.0850830078125"",""26.0850830078125"",""44.140380859375"",""44.140380859375"",""44.140380859375"",""36.23428726196289"",""36.23428726196289"",""36.23428726196289"",""31.84370994567871"",""31.84370994567871"",""31.84370994567871"",""41.709999084472656"",""41.709999084472656"",""41.709999084472656"""
"143,""32.785335540771484"",""32.785335540771484"",""32.785335540771484"",""30.039518356323242"",""30.039518356323242"",""30.039518356323242"",""46.94121551513672"",""46.94121551513672"",""46.94121551513672"",""36.56904602050781"",""36.56904602050781"",""36.56904602050781"",""34.62712860107422"",""34.62712860107422"",""34.62712860107422"",""39.349998474121094"",""39.349998474121094"",""39.349998474121094"""
"144,""30.953454971313477"",""30.953454971313477"",""30.953454971313477"",""29.337299346923828"",""29.337299346923828"",""29.337299346923828"",""40.20139694213867"",""40.20139694213867"",""40.20139694213867"",""37.6931266784668"",""37.6931266784668"",""37.6931266784668"",""41.76450729370117"",""41.76450729370117"",""41.76450729370117"",""40.06999969482422"",""40.06999969482422"",""40.06999969482422"""
"145,""34.832557678222656"",""34.832557678222656"",""34.832557678222656"",""33.600494384765625"",""33.600494384765625"",""33.600494384765625"",""53.41619110107422"",""53.41619110107422"",""53.41619110107422"",""44.92099380493164"",""44.92099380493164"",""44.92099380493164"",""46.72401428222656"",""46.72401428222656"",""46.72401428222656"",""31.479999542236328"",""31.479999542236328"",""31.479999542236328"""
"146,""39.56863784790039"",""39.56863784790039"",""39.56863784790039"",""40.04928207397461"",""40.04928207397461"",""40.04928207397461"",""59.089908599853516"",""59.089908599853516"",""59.089908599853516"",""46.63642120361328"",""46.63642120361328"",""46.63642120361328"",""47.36344528198242"",""47.36344528198242"",""47.36344528198242"",""37.70000076293945"",""37.70000076293945"",""37.70000076293945"""
"147,""40.95537185668945"",""40.95537185668945"",""40.95537185668945"",""43.802734375"",""43.802734375"",""43.802734375"",""55.822940826416016"",""55.822940826416016"",""55.822940826416016"",""44.480194091796875"",""44.480194091796875"",""44.480194091796875"",""44.48553466796875"",""44.48553466796875"",""44.48553466796875"",""57.2400016784668"",""57.2400016784668"",""57.2400016784668"""
"148,""39.84773635864258"",""39.84773635864258"",""39.84773635864258"",""41.83488464355469"",""41.83488464355469"",""41.83488464355469"",""50.11176300048828"",""50.11176300048828"",""50.11176300048828"",""43.67093276977539"",""43.67093276977539"",""43.67093276977539"",""38.98460006713867"",""38.98460006713867"",""38.98460006713867"",""40.59000015258789"",""40.59000015258789"",""40.59000015258789"""
"149,""37.23793411254883"",""37.23793411254883"",""37.23793411254883"",""36.167057037353516"",""36.167057037353516"",""36.167057037353516"",""43.079769134521484"",""43.079769134521484"",""43.079769134521484"",""42.79954147338867"",""42.79954147338867"",""42.79954147338867"",""33.1492919921875"",""33.1492919921875"",""33.1492919921875"",""37.41999816894531"",""37.41999816894531"",""37.41999816894531"""
"150,""31.932815551757812"",""31.932815551757812"",""31.932815551757812"",""29.513900756835938"",""29.513900756835938"",""29.513900756835938"",""35.54269027709961"",""35.54269027709961"",""35.54269027709961"",""41.85603713989258"",""41.85603713989258"",""41.85603713989258"",""29.165422439575195"",""29.165422439575195"",""29.165422439575195"",""37.130001068115234"",""37.130001068115234"",""37.130001068115234"""
"151,""27.717744827270508"",""27.717744827270508"",""27.717744827270508"",""25.41692352294922"",""25.41692352294922"",""25.41692352294922"",""30.939390182495117"",""30.939390182495117"",""30.939390182495117"",""41.13334655761719"",""41.13334655761719"",""41.13334655761719"",""27.190027236938477"",""27.190027236938477"",""27.190027236938477"",""31.90999984741211"",""31.90999984741211"",""31.90999984741211"""
"152,""25.164825439453125"",""25.164825439453125"",""25.164825439453125"",""22.862659454345703"",""22.862659454345703"",""22.862659454345703"",""29.85352897644043"",""29.85352897644043"",""29.85352897644043"",""40.032894134521484"",""40.032894134521484"",""40.032894134521484"",""26.329978942871094"",""26.329978942871094"",""26.329978942871094"",""20.100000381469727"",""20.100000381469727"",""20.100000381469727"""
"153,""22.080673217773438"",""22.080673217773438"",""22.080673217773438"",""20.59612274169922"",""20.59612274169922"",""20.59612274169922"",""24.448421478271484"",""24.448421478271484"",""24.448421478271484"",""32.45873260498047"",""32.45873260498047"",""32.45873260498047"",""23.169113159179688"",""23.169113159179688"",""23.169113159179688"",""25.389999389648438"",""25.389999389648438"",""25.389999389648438"""
"154,""22.465984344482422"",""22.465984344482422"",""22.465984344482422"",""20.718238830566406"",""20.718238830566406"",""20.718238830566406"",""23.804468154907227"",""23.804468154907227"",""23.804468154907227"",""28.225488662719727"",""28.225488662719727"",""28.225488662719727"",""23.085411071777344"",""23.085411071777344"",""23.085411071777344"",""26.440000534057617"",""26.440000534057617"",""26.440000534057617"""
"155,""22.805423736572266"",""22.805423736572266"",""22.805423736572266"",""21.207618713378906"",""21.207618713378906"",""21.207618713378906"",""24.12199592590332"",""24.12199592590332"",""24.12199592590332"",""25.981210708618164"",""25.981210708618164"",""25.981210708618164"",""23.467212677001953"",""23.467212677001953"",""23.467212677001953"",""22.489999771118164"",""22.489999771118164"",""22.489999771118164"""
"156,""23.40076446533203"",""23.40076446533203"",""23.40076446533203"",""22.197647094726562"",""22.197647094726562"",""22.197647094726562"",""24.688749313354492"",""24.688749313354492"",""24.688749313354492"",""24.811017990112305"",""24.811017990112305"",""24.811017990112305"",""24.103490829467773"",""24.103490829467773"",""24.103490829467773"",""23.09000015258789"",""23.09000015258789"",""23.09000015258789"""
"157,""23.832687377929688"",""23.832687377929688"",""23.832687377929688"",""23.084579467773438"",""23.084579467773438"",""23.084579467773438"",""25.15287971496582"",""25.15287971496582"",""25.15287971496582"",""24.28961753845215"",""24.28961753845215"",""24.28961753845215"",""24.310012817382812"",""24.310012817382812"",""24.310012817382812"",""24.049999237060547"",""24.049999237060547"",""24.049999237060547"""
"158,""22.824703216552734"",""22.824703216552734"",""22.824703216552734"",""22.022518157958984"",""22.022518157958984"",""22.022518157958984"",""24.894933700561523"",""24.894933700561523"",""24.894933700561523"",""23.743892669677734"",""23.743892669677734"",""23.743892669677734"",""23.736360549926758"",""23.736360549926758"",""23.736360549926758"",""21.739999771118164"",""21.739999771118164"",""21.739999771118164"""
"159,""21.048202514648438"",""21.048202514648438"",""21.048202514648438"",""20.19428253173828"",""20.19428253173828"",""20.19428253173828"",""23.863805770874023"",""23.863805770874023"",""23.863805770874023"",""22.418657302856445"",""22.418657302856445"",""22.418657302856445"",""22.544790267944336"",""22.544790267944336"",""22.544790267944336"",""14.84000015258789"",""14.84000015258789"",""14.84000015258789"""
"160,""19.696468353271484"",""19.696468353271484"",""19.696468353271484"",""18.187786102294922"",""18.187786102294922"",""18.187786102294922"",""21.31181526184082"",""21.31181526184082"",""21.31181526184082"",""22.18595314025879"",""22.18595314025879"",""22.18595314025879"",""20.33009147644043"",""20.33009147644043"",""20.33009147644043"",""11.270000457763672"",""11.270000457763672"",""11.270000457763672"""
"161,""19.290159225463867"",""19.290159225463867"",""19.290159225463867"",""17.484230041503906"",""17.484230041503906"",""17.484230041503906"",""19.22886848449707"",""19.22886848449707"",""19.22886848449707"",""21.033126831054688"",""21.033126831054688"",""21.033126831054688"",""18.909517288208008"",""18.909517288208008"",""18.909517288208008"",""14.609999656677246"",""14.609999656677246"",""14.609999656677246"""
"162,""26.753849029541016"",""26.753849029541016"",""26.753849029541016"",""23.245525360107422"",""23.245525360107422"",""23.245525360107422"",""24.24483871459961"",""24.24483871459961"",""24.24483871459961"",""26.41285514831543"",""26.41285514831543"",""26.41285514831543"",""24.345565795898438"",""24.345565795898438"",""24.345565795898438"",""17.149999618530273"",""17.149999618530273"",""17.149999618530273"""
"163,""26.74691390991211"",""26.74691390991211"",""26.74691390991211"",""24.90740966796875"",""24.90740966796875"",""24.90740966796875"",""24.37238121032715"",""24.37238121032715"",""24.37238121032715"",""26.189603805541992"",""26.189603805541992"",""26.189603805541992"",""24.374032974243164"",""24.374032974243164"",""24.374032974243164"",""19.809999465942383"",""19.809999465942383"",""19.809999465942383"""
"164,""24.203359603881836"",""24.203359603881836"",""24.203359603881836"",""23.10881805419922"",""23.10881805419922"",""23.10881805419922"",""24.086172103881836"",""24.086172103881836"",""24.086172103881836"",""26.279760360717773"",""26.279760360717773"",""26.279760360717773"",""22.999637603759766"",""22.999637603759766"",""22.999637603759766"",""21.610000610351562"",""21.610000610351562"",""21.610000610351562"""
"165,""23.078125"",""23.078125"",""23.078125"",""21.701446533203125"",""21.701446533203125"",""21.701446533203125"",""23.515047073364258"",""23.515047073364258"",""23.515047073364258"",""27.02940559387207"",""27.02940559387207"",""27.02940559387207"",""22.064971923828125"",""22.064971923828125"",""22.064971923828125"",""23.549999237060547"",""23.549999237060547"",""23.549999237060547"""
"166,""23.18553924560547"",""23.18553924560547"",""23.18553924560547"",""21.160213470458984"",""21.160213470458984"",""21.160213470458984"",""22.390148162841797"",""22.390148162841797"",""22.390148162841797"",""30.357622146606445"",""30.357622146606445"",""30.357622146606445"",""23.357391357421875"",""23.357391357421875"",""23.357391357421875"",""26.719999313354492"",""26.719999313354492"",""26.719999313354492"""
"167,""23.39920425415039"",""23.39920425415039"",""23.39920425415039"",""20.951251983642578"",""20.951251983642578"",""20.951251983642578"",""21.87785530090332"",""21.87785530090332"",""21.87785530090332"",""32.7423210144043"",""32.7423210144043"",""32.7423210144043"",""25.666259765625"",""25.666259765625"",""25.666259765625"",""30.15999984741211"",""30.15999984741211"",""30.15999984741211"""
