"Step,""visionary-sweep-1 - Ensamble 0 - Summer predictions (24h) Hub: SP15"",""visionary-sweep-1 - Ensamble 0 - Summer predictions (24h) Hub: SP15__MIN"",""visionary-sweep-1 - Ensamble 0 - Summer predictions (24h) Hub: SP15__MAX"",""visionary-sweep-1 - Ensamble 1 - Summer predictions (24h) Hub: SP15"",""visionary-sweep-1 - Ensamble 1 - Summer predictions (24h) Hub: SP15__MIN"",""visionary-sweep-1 - Ensamble 1 - Summer predictions (24h) Hub: SP15__MAX"",""visionary-sweep-1 - Ensamble 2 - Summer predictions (24h) Hub: SP15"",""visionary-sweep-1 - Ensamble 2 - Summer predictions (24h) Hub: SP15__MIN"",""visionary-sweep-1 - Ensamble 2 - Summer predictions (24h) Hub: SP15__MAX"",""visionary-sweep-1 - Ensamble 3 - Summer predictions (24h) Hub: SP15"",""visionary-sweep-1 - Ensamble 3 - Summer predictions (24h) Hub: SP15__MIN"",""visionary-sweep-1 - Ensamble 3 - Summer predictions (24h) Hub: SP15__MAX"",""visionary-sweep-1 - Ensamble 4 - Summer predictions (24h) Hub: SP15"",""visionary-sweep-1 - Ensamble 4 - Summer predictions (24h) Hub: SP15__MIN"",""visionary-sweep-1 - Ensamble 4 - Summer predictions (24h) Hub: SP15__MAX"",""visionary-sweep-1 - Ensamble 0 - Summer targets (24h) Hub: SP15"",""visionary-sweep-1 - Ensamble 0 - Summer targets (24h) Hub: SP15__MIN"",""visionary-sweep-1 - Ensamble 0 - Summer targets (24h) Hub: SP15__MAX"""
"0,""22.91210174560547"",""22.91210174560547"",""22.91210174560547"",""21.98052215576172"",""21.98052215576172"",""21.98052215576172"",""19.953147888183594"",""19.953147888183594"",""19.953147888183594"",""21.9451847076416"",""21.9451847076416"",""21.9451847076416"",""23.790658950805664"",""23.790658950805664"",""23.790658950805664"",""16.229999542236328"",""16.229999542236328"",""16.229999542236328"""
"1,""25.182470321655273"",""25.182470321655273"",""25.182470321655273"",""24.61579132080078"",""24.61579132080078"",""24.61579132080078"",""21.441572189331055"",""21.441572189331055"",""21.441572189331055"",""24.60118293762207"",""24.60118293762207"",""24.60118293762207"",""24.727493286132812"",""24.727493286132812"",""24.727493286132812"",""20.239999771118164"",""20.239999771118164"",""20.239999771118164"""
"2,""26.272668838500977"",""26.272668838500977"",""26.272668838500977"",""25.118616104125977"",""25.118616104125977"",""25.118616104125977"",""23.95664405822754"",""23.95664405822754"",""23.95664405822754"",""24.283430099487305"",""24.283430099487305"",""24.283430099487305"",""24.61328125"",""24.61328125"",""24.61328125"",""18.079999923706055"",""18.079999923706055"",""18.079999923706055"""
"3,""22.645702362060547"",""22.645702362060547"",""22.645702362060547"",""21.443649291992188"",""21.443649291992188"",""21.443649291992188"",""22.270362854003906"",""22.270362854003906"",""22.270362854003906"",""19.700712203979492"",""19.700712203979492"",""19.700712203979492"",""23.054445266723633"",""23.054445266723633"",""23.054445266723633"",""18.440000534057617"",""18.440000534057617"",""18.440000534057617"""
"4,""20.224891662597656"",""20.224891662597656"",""20.224891662597656"",""19.982919692993164"",""19.982919692993164"",""19.982919692993164"",""21.309377670288086"",""21.309377670288086"",""21.309377670288086"",""18.331918716430664"",""18.331918716430664"",""18.331918716430664"",""21.348247528076172"",""21.348247528076172"",""21.348247528076172"",""17.149999618530273"",""17.149999618530273"",""17.149999618530273"""
"5,""18.583898544311523"",""18.583898544311523"",""18.583898544311523"",""18.777389526367188"",""18.777389526367188"",""18.777389526367188"",""19.02535629272461"",""19.02535629272461"",""19.02535629272461"",""17.455276489257812"",""17.455276489257812"",""17.455276489257812"",""19.880474090576172"",""19.880474090576172"",""19.880474090576172"",""17.34000015258789"",""17.34000015258789"",""17.34000015258789"""
"6,""17.67166519165039"",""17.67166519165039"",""17.67166519165039"",""17.09741973876953"",""17.09741973876953"",""17.09741973876953"",""16.962247848510742"",""16.962247848510742"",""16.962247848510742"",""16.874067306518555"",""16.874067306518555"",""16.874067306518555"",""19.45964241027832"",""19.45964241027832"",""19.45964241027832"",""17.639999389648438"",""17.639999389648438"",""17.639999389648438"""
"7,""17.02674102783203"",""17.02674102783203"",""17.02674102783203"",""17.005006790161133"",""17.005006790161133"",""17.005006790161133"",""13.687494277954102"",""13.687494277954102"",""13.687494277954102"",""14.930452346801758"",""14.930452346801758"",""14.930452346801758"",""18.54932403564453"",""18.54932403564453"",""18.54932403564453"",""15.970000267028809"",""15.970000267028809"",""15.970000267028809"""
"8,""15.411972045898438"",""15.411972045898438"",""15.411972045898438"",""16.36659812927246"",""16.36659812927246"",""16.36659812927246"",""11.213274955749512"",""11.213274955749512"",""11.213274955749512"",""13.851746559143066"",""13.851746559143066"",""13.851746559143066"",""17.378189086914062"",""17.378189086914062"",""17.378189086914062"",""11.020000457763672"",""11.020000457763672"",""11.020000457763672"""
"9,""14.23532772064209"",""14.23532772064209"",""14.23532772064209"",""15.652058601379395"",""15.652058601379395"",""15.652058601379395"",""9.101727485656738"",""9.101727485656738"",""9.101727485656738"",""12.089529037475586"",""12.089529037475586"",""12.089529037475586"",""17.06037712097168"",""17.06037712097168"",""17.06037712097168"",""3.3499999046325684"",""3.3499999046325684"",""3.3499999046325684"""
"10,""12.405778884887695"",""12.405778884887695"",""12.405778884887695"",""14.526127815246582"",""14.526127815246582"",""14.526127815246582"",""7.409543991088867"",""7.409543991088867"",""7.409543991088867"",""10.623096466064453"",""10.623096466064453"",""10.623096466064453"",""15.840575218200684"",""15.840575218200684"",""15.840575218200684"",""7.829999923706055"",""7.829999923706055"",""7.829999923706055"""
"11,""11.048666000366211"",""11.048666000366211"",""11.048666000366211"",""13.213277816772461"",""13.213277816772461"",""13.213277816772461"",""6.422941207885742"",""6.422941207885742"",""6.422941207885742"",""9.52294921875"",""9.52294921875"",""9.52294921875"",""15.144145965576172"",""15.144145965576172"",""15.144145965576172"",""8.8100004196167"",""8.8100004196167"",""8.8100004196167"""
"12,""11.131695747375488"",""11.131695747375488"",""11.131695747375488"",""13.839986801147461"",""13.839986801147461"",""13.839986801147461"",""7.476812839508057"",""7.476812839508057"",""7.476812839508057"",""12.301407814025879"",""12.301407814025879"",""12.301407814025879"",""15.803668022155762"",""15.803668022155762"",""15.803668022155762"",""11.1899995803833"",""11.1899995803833"",""11.1899995803833"""
"13,""11.68695068359375"",""11.68695068359375"",""11.68695068359375"",""15.449128150939941"",""15.449128150939941"",""15.449128150939941"",""9.161381721496582"",""9.161381721496582"",""9.161381721496582"",""13.298075675964355"",""13.298075675964355"",""13.298075675964355"",""17.136550903320312"",""17.136550903320312"",""17.136550903320312"",""12.229999542236328"",""12.229999542236328"",""12.229999542236328"""
"14,""12.26000690460205"",""12.26000690460205"",""12.26000690460205"",""16.64093589782715"",""16.64093589782715"",""16.64093589782715"",""10.977323532104492"",""10.977323532104492"",""10.977323532104492"",""14.826189041137695"",""14.826189041137695"",""14.826189041137695"",""18.43916893005371"",""18.43916893005371"",""18.43916893005371"",""12.819999694824219"",""12.819999694824219"",""12.819999694824219"""
"15,""13.894476890563965"",""13.894476890563965"",""13.894476890563965"",""17.930604934692383"",""17.930604934692383"",""17.930604934692383"",""13.034208297729492"",""13.034208297729492"",""13.034208297729492"",""17.540517807006836"",""17.540517807006836"",""17.540517807006836"",""20.18929672241211"",""20.18929672241211"",""20.18929672241211"",""14.109999656677246"",""14.109999656677246"",""14.109999656677246"""
"16,""16.364917755126953"",""16.364917755126953"",""16.364917755126953"",""19.083742141723633"",""19.083742141723633"",""19.083742141723633"",""15.487247467041016"",""15.487247467041016"",""15.487247467041016"",""20.58028793334961"",""20.58028793334961"",""20.58028793334961"",""22.714771270751953"",""22.714771270751953"",""22.714771270751953"",""15.789999961853027"",""15.789999961853027"",""15.789999961853027"""
"17,""20.440929412841797"",""20.440929412841797"",""20.440929412841797"",""21.133012771606445"",""21.133012771606445"",""21.133012771606445"",""19.440200805664062"",""19.440200805664062"",""19.440200805664062"",""23.546384811401367"",""23.546384811401367"",""23.546384811401367"",""25.013952255249023"",""25.013952255249023"",""25.013952255249023"",""16"",""16"",""16"""
"18,""25.122095108032227"",""25.122095108032227"",""25.122095108032227"",""23.960336685180664"",""23.960336685180664"",""23.960336685180664"",""24.385828018188477"",""24.385828018188477"",""24.385828018188477"",""26.35828971862793"",""26.35828971862793"",""26.35828971862793"",""27.252315521240234"",""27.252315521240234"",""27.252315521240234"",""20.729999542236328"",""20.729999542236328"",""20.729999542236328"""
"19,""29.7390079498291"",""29.7390079498291"",""29.7390079498291"",""26.867090225219727"",""26.867090225219727"",""26.867090225219727"",""28.503244400024414"",""28.503244400024414"",""28.503244400024414"",""29.95945930480957"",""29.95945930480957"",""29.95945930480957"",""29.193782806396484"",""29.193782806396484"",""29.193782806396484"",""28.8700008392334"",""28.8700008392334"",""28.8700008392334"""
"20,""33.027557373046875"",""33.027557373046875"",""33.027557373046875"",""29.227386474609375"",""29.227386474609375"",""29.227386474609375"",""30.651033401489258"",""30.651033401489258"",""30.651033401489258"",""32.11363220214844"",""32.11363220214844"",""32.11363220214844"",""30.42045783996582"",""30.42045783996582"",""30.42045783996582"",""34.15999984741211"",""34.15999984741211"",""34.15999984741211"""
"21,""34.68703842163086"",""34.68703842163086"",""34.68703842163086"",""30.791336059570312"",""30.791336059570312"",""30.791336059570312"",""30.707639694213867"",""30.707639694213867"",""30.707639694213867"",""30.48719024658203"",""30.48719024658203"",""30.48719024658203"",""31.330039978027344"",""31.330039978027344"",""31.330039978027344"",""34.47999954223633"",""34.47999954223633"",""34.47999954223633"""
"22,""34.65258026123047"",""34.65258026123047"",""34.65258026123047"",""29.66704750061035"",""29.66704750061035"",""29.66704750061035"",""28.23247718811035"",""28.23247718811035"",""28.23247718811035"",""26.043855667114258"",""26.043855667114258"",""26.043855667114258"",""31.58225440979004"",""31.58225440979004"",""31.58225440979004"",""28.459999084472656"",""28.459999084472656"",""28.459999084472656"""
"23,""32.71163558959961"",""32.71163558959961"",""32.71163558959961"",""25.191320419311523"",""25.191320419311523"",""25.191320419311523"",""24.546886444091797"",""24.546886444091797"",""24.546886444091797"",""21.525171279907227"",""21.525171279907227"",""21.525171279907227"",""30.884361267089844"",""30.884361267089844"",""30.884361267089844"",""28.31999969482422"",""28.31999969482422"",""28.31999969482422"""
"24,""21.682456970214844"",""21.682456970214844"",""21.682456970214844"",""20.884313583374023"",""20.884313583374023"",""20.884313583374023"",""21.452388763427734"",""21.452388763427734"",""21.452388763427734"",""20.599910736083984"",""20.599910736083984"",""20.599910736083984"",""22.836181640625"",""22.836181640625"",""22.836181640625"",""19.31999969482422"",""19.31999969482422"",""19.31999969482422"""
"25,""19.407489776611328"",""19.407489776611328"",""19.407489776611328"",""17.82805824279785"",""17.82805824279785"",""17.82805824279785"",""18.38547134399414"",""18.38547134399414"",""18.38547134399414"",""18.49819564819336"",""18.49819564819336"",""18.49819564819336"",""19.9464111328125"",""19.9464111328125"",""19.9464111328125"",""18.200000762939453"",""18.200000762939453"",""18.200000762939453"""
"26,""19.939693450927734"",""19.939693450927734"",""19.939693450927734"",""18.146944046020508"",""18.146944046020508"",""18.146944046020508"",""18.674427032470703"",""18.674427032470703"",""18.674427032470703"",""18.609336853027344"",""18.609336853027344"",""18.609336853027344"",""20.90158462524414"",""20.90158462524414"",""20.90158462524414"",""18.1299991607666"",""18.1299991607666"",""18.1299991607666"""
"27,""20.13272476196289"",""20.13272476196289"",""20.13272476196289"",""18.087635040283203"",""18.087635040283203"",""18.087635040283203"",""19.096599578857422"",""19.096599578857422"",""19.096599578857422"",""18.798017501831055"",""18.798017501831055"",""18.798017501831055"",""21.2706298828125"",""21.2706298828125"",""21.2706298828125"",""17.610000610351562"",""17.610000610351562"",""17.610000610351562"""
"28,""20.48567771911621"",""20.48567771911621"",""20.48567771911621"",""18.2221622467041"",""18.2221622467041"",""18.2221622467041"",""19.488704681396484"",""19.488704681396484"",""19.488704681396484"",""19.35218048095703"",""19.35218048095703"",""19.35218048095703"",""21.48177719116211"",""21.48177719116211"",""21.48177719116211"",""18.09000015258789"",""18.09000015258789"",""18.09000015258789"""
"29,""20.097414016723633"",""20.097414016723633"",""20.097414016723633"",""18.03314971923828"",""18.03314971923828"",""18.03314971923828"",""19.27588653564453"",""19.27588653564453"",""19.27588653564453"",""19.386600494384766"",""19.386600494384766"",""19.386600494384766"",""21.133663177490234"",""21.133663177490234"",""21.133663177490234"",""17.6299991607666"",""17.6299991607666"",""17.6299991607666"""
"30,""18.9796199798584"",""18.9796199798584"",""18.9796199798584"",""16.936012268066406"",""16.936012268066406"",""16.936012268066406"",""17.83260726928711"",""17.83260726928711"",""17.83260726928711"",""18.133150100708008"",""18.133150100708008"",""18.133150100708008"",""20.106300354003906"",""20.106300354003906"",""20.106300354003906"",""18.610000610351562"",""18.610000610351562"",""18.610000610351562"""
"31,""17.053924560546875"",""17.053924560546875"",""17.053924560546875"",""15.35659408569336"",""15.35659408569336"",""15.35659408569336"",""15.114752769470215"",""15.114752769470215"",""15.114752769470215"",""16.361032485961914"",""16.361032485961914"",""16.361032485961914"",""17.839113235473633"",""17.839113235473633"",""17.839113235473633"",""16.90999984741211"",""16.90999984741211"",""16.90999984741211"""
"32,""14.165205955505371"",""14.165205955505371"",""14.165205955505371"",""12.878780364990234"",""12.878780364990234"",""12.878780364990234"",""12.076863288879395"",""12.076863288879395"",""12.076863288879395"",""13.546371459960938"",""13.546371459960938"",""13.546371459960938"",""15.200742721557617"",""15.200742721557617"",""15.200742721557617"",""13.6899995803833"",""13.6899995803833"",""13.6899995803833"""
"33,""10.713412284851074"",""10.713412284851074"",""10.713412284851074"",""10.351547241210938"",""10.351547241210938"",""10.351547241210938"",""9.110783576965332"",""9.110783576965332"",""9.110783576965332"",""10.484740257263184"",""10.484740257263184"",""10.484740257263184"",""12.521886825561523"",""12.521886825561523"",""12.521886825561523"",""10.949999809265137"",""10.949999809265137"",""10.949999809265137"""
"34,""7.667878150939941"",""7.667878150939941"",""7.667878150939941"",""7.5852742195129395"",""7.5852742195129395"",""7.5852742195129395"",""7.139059543609619"",""7.139059543609619"",""7.139059543609619"",""7.667275428771973"",""7.667275428771973"",""7.667275428771973"",""9.691776275634766"",""9.691776275634766"",""9.691776275634766"",""10.949999809265137"",""10.949999809265137"",""10.949999809265137"""
"35,""5.466746807098389"",""5.466746807098389"",""5.466746807098389"",""5.436328887939453"",""5.436328887939453"",""5.436328887939453"",""5.720191955566406"",""5.720191955566406"",""5.720191955566406"",""5.7618818283081055"",""5.7618818283081055"",""5.7618818283081055"",""7.665559768676758"",""7.665559768676758"",""7.665559768676758"",""11.390000343322754"",""11.390000343322754"",""11.390000343322754"""
"36,""5.656758785247803"",""5.656758785247803"",""5.656758785247803"",""5.223824977874756"",""5.223824977874756"",""5.223824977874756"",""6.547560691833496"",""6.547560691833496"",""6.547560691833496"",""5.452540397644043"",""5.452540397644043"",""5.452540397644043"",""7.8834638595581055"",""7.8834638595581055"",""7.8834638595581055"",""12.229999542236328"",""12.229999542236328"",""12.229999542236328"""
"37,""6.6817545890808105"",""6.6817545890808105"",""6.6817545890808105"",""6.195465087890625"",""6.195465087890625"",""6.195465087890625"",""8.981172561645508"",""8.981172561645508"",""8.981172561645508"",""7.026544570922852"",""7.026544570922852"",""7.026544570922852"",""8.867240905761719"",""8.867240905761719"",""8.867240905761719"",""14.140000343322754"",""14.140000343322754"",""14.140000343322754"""
"38,""8.206372261047363"",""8.206372261047363"",""8.206372261047363"",""7.9787678718566895"",""7.9787678718566895"",""7.9787678718566895"",""11.228285789489746"",""11.228285789489746"",""11.228285789489746"",""8.793388366699219"",""8.793388366699219"",""8.793388366699219"",""11.178374290466309"",""11.178374290466309"",""11.178374290466309"",""16.06999969482422"",""16.06999969482422"",""16.06999969482422"""
"39,""10.5553617477417"",""10.5553617477417"",""10.5553617477417"",""10.791241645812988"",""10.791241645812988"",""10.791241645812988"",""13.048917770385742"",""13.048917770385742"",""13.048917770385742"",""11.927600860595703"",""11.927600860595703"",""11.927600860595703"",""14.318302154541016"",""14.318302154541016"",""14.318302154541016"",""16.889999389648438"",""16.889999389648438"",""16.889999389648438"""
"40,""13.992358207702637"",""13.992358207702637"",""13.992358207702637"",""14.92591381072998"",""14.92591381072998"",""14.92591381072998"",""16.02408218383789"",""16.02408218383789"",""16.02408218383789"",""17.935333251953125"",""17.935333251953125"",""17.935333251953125"",""18.363460540771484"",""18.363460540771484"",""18.363460540771484"",""17.360000610351562"",""17.360000610351562"",""17.360000610351562"""
"41,""18.19001007080078"",""18.19001007080078"",""18.19001007080078"",""19.903121948242188"",""19.903121948242188"",""19.903121948242188"",""18.65882110595703"",""18.65882110595703"",""18.65882110595703"",""23.5693302154541"",""23.5693302154541"",""23.5693302154541"",""23.21339225769043"",""23.21339225769043"",""23.21339225769043"",""19.6200008392334"",""19.6200008392334"",""19.6200008392334"""
"42,""24.320619583129883"",""24.320619583129883"",""24.320619583129883"",""24.879501342773438"",""24.879501342773438"",""24.879501342773438"",""22.784648895263672"",""22.784648895263672"",""22.784648895263672"",""28.937963485717773"",""28.937963485717773"",""28.937963485717773"",""28.423206329345703"",""28.423206329345703"",""28.423206329345703"",""30.049999237060547"",""30.049999237060547"",""30.049999237060547"""
"43,""32.044857025146484"",""32.044857025146484"",""32.044857025146484"",""29.533836364746094"",""29.533836364746094"",""29.533836364746094"",""27.281978607177734"",""27.281978607177734"",""27.281978607177734"",""33.98061752319336"",""33.98061752319336"",""33.98061752319336"",""33.03150177001953"",""33.03150177001953"",""33.03150177001953"",""33.86000061035156"",""33.86000061035156"",""33.86000061035156"""
"44,""36.48517990112305"",""36.48517990112305"",""36.48517990112305"",""32.8209342956543"",""32.8209342956543"",""32.8209342956543"",""31.93960189819336"",""31.93960189819336"",""31.93960189819336"",""34.996028900146484"",""34.996028900146484"",""34.996028900146484"",""35.95668029785156"",""35.95668029785156"",""35.95668029785156"",""44.209999084472656"",""44.209999084472656"",""44.209999084472656"""
"45,""35.6767692565918"",""35.6767692565918"",""35.6767692565918"",""33.022151947021484"",""33.022151947021484"",""33.022151947021484"",""30.576168060302734"",""30.576168060302734"",""30.576168060302734"",""30.99212074279785"",""30.99212074279785"",""30.99212074279785"",""35.33504867553711"",""35.33504867553711"",""35.33504867553711"",""37.540000915527344"",""37.540000915527344"",""37.540000915527344"""
"46,""30.43825912475586"",""30.43825912475586"",""30.43825912475586"",""30.098800659179688"",""30.098800659179688"",""30.098800659179688"",""25.655956268310547"",""25.655956268310547"",""25.655956268310547"",""25.43886947631836"",""25.43886947631836"",""25.43886947631836"",""30.588516235351562"",""30.588516235351562"",""30.588516235351562"",""33.40999984741211"",""33.40999984741211"",""33.40999984741211"""
"47,""24.836044311523438"",""24.836044311523438"",""24.836044311523438"",""24.834775924682617"",""24.834775924682617"",""24.834775924682617"",""22.404464721679688"",""22.404464721679688"",""22.404464721679688"",""21.8684024810791"",""21.8684024810791"",""21.8684024810791"",""26.548900604248047"",""26.548900604248047"",""26.548900604248047"",""25.170000076293945"",""25.170000076293945"",""25.170000076293945"""
"48,""21.773286819458008"",""21.773286819458008"",""21.773286819458008"",""22.13379669189453"",""22.13379669189453"",""22.13379669189453"",""19.83651351928711"",""19.83651351928711"",""19.83651351928711"",""21.343114852905273"",""21.343114852905273"",""21.343114852905273"",""20.954729080200195"",""20.954729080200195"",""20.954729080200195"",""22.1200008392334"",""22.1200008392334"",""22.1200008392334"""
"49,""20.776321411132812"",""20.776321411132812"",""20.776321411132812"",""20.590167999267578"",""20.590167999267578"",""20.590167999267578"",""17.474815368652344"",""17.474815368652344"",""17.474815368652344"",""19.700885772705078"",""19.700885772705078"",""19.700885772705078"",""18.335758209228516"",""18.335758209228516"",""18.335758209228516"",""17.09000015258789"",""17.09000015258789"",""17.09000015258789"""
"50,""19.303241729736328"",""19.303241729736328"",""19.303241729736328"",""19.899301528930664"",""19.899301528930664"",""19.899301528930664"",""17.63520050048828"",""17.63520050048828"",""17.63520050048828"",""18.578874588012695"",""18.578874588012695"",""18.578874588012695"",""18.762950897216797"",""18.762950897216797"",""18.762950897216797"",""16.219999313354492"",""16.219999313354492"",""16.219999313354492"""
"51,""18.891986846923828"",""18.891986846923828"",""18.891986846923828"",""19.587081909179688"",""19.587081909179688"",""19.587081909179688"",""17.935302734375"",""17.935302734375"",""17.935302734375"",""17.962820053100586"",""17.962820053100586"",""17.962820053100586"",""18.293609619140625"",""18.293609619140625"",""18.293609619140625"",""15.15999984741211"",""15.15999984741211"",""15.15999984741211"""
"52,""19.090656280517578"",""19.090656280517578"",""19.090656280517578"",""19.17584991455078"",""19.17584991455078"",""19.17584991455078"",""18.228191375732422"",""18.228191375732422"",""18.228191375732422"",""17.97825050354004"",""17.97825050354004"",""17.97825050354004"",""18.144405364990234"",""18.144405364990234"",""18.144405364990234"",""15.979999542236328"",""15.979999542236328"",""15.979999542236328"""
"53,""20.36981964111328"",""20.36981964111328"",""20.36981964111328"",""19.029449462890625"",""19.029449462890625"",""19.029449462890625"",""18.056304931640625"",""18.056304931640625"",""18.056304931640625"",""17.428512573242188"",""17.428512573242188"",""17.428512573242188"",""18.153045654296875"",""18.153045654296875"",""18.153045654296875"",""16.540000915527344"",""16.540000915527344"",""16.540000915527344"""
"54,""21.38436508178711"",""21.38436508178711"",""21.38436508178711"",""18.86486053466797"",""18.86486053466797"",""18.86486053466797"",""19.03854751586914"",""19.03854751586914"",""19.03854751586914"",""18.963598251342773"",""18.963598251342773"",""18.963598251342773"",""19.936084747314453"",""19.936084747314453"",""19.936084747314453"",""19.100000381469727"",""19.100000381469727"",""19.100000381469727"""
"55,""22.498512268066406"",""22.498512268066406"",""22.498512268066406"",""20.192472457885742"",""20.192472457885742"",""20.192472457885742"",""20.18805503845215"",""20.18805503845215"",""20.18805503845215"",""20.265256881713867"",""20.265256881713867"",""20.265256881713867"",""21.27056884765625"",""21.27056884765625"",""21.27056884765625"",""18.020000457763672"",""18.020000457763672"",""18.020000457763672"""
"56,""23.578805923461914"",""23.578805923461914"",""23.578805923461914"",""22.024446487426758"",""22.024446487426758"",""22.024446487426758"",""21.728492736816406"",""21.728492736816406"",""21.728492736816406"",""22.4334659576416"",""22.4334659576416"",""22.4334659576416"",""22.444272994995117"",""22.444272994995117"",""22.444272994995117"",""22.690000534057617"",""22.690000534057617"",""22.690000534057617"""
"57,""25.39617347717285"",""25.39617347717285"",""25.39617347717285"",""26.998069763183594"",""26.998069763183594"",""26.998069763183594"",""24.139034271240234"",""24.139034271240234"",""24.139034271240234"",""27.196983337402344"",""27.196983337402344"",""27.196983337402344"",""24.75069236755371"",""24.75069236755371"",""24.75069236755371"",""28.8700008392334"",""28.8700008392334"",""28.8700008392334"""
"58,""26.439132690429688"",""26.439132690429688"",""26.439132690429688"",""30.921920776367188"",""30.921920776367188"",""30.921920776367188"",""25.87206268310547"",""25.87206268310547"",""25.87206268310547"",""25.450042724609375"",""25.450042724609375"",""25.450042724609375"",""29.09256362915039"",""29.09256362915039"",""29.09256362915039"",""26.489999771118164"",""26.489999771118164"",""26.489999771118164"""
"59,""32.89628982543945"",""32.89628982543945"",""32.89628982543945"",""37.36931228637695"",""37.36931228637695"",""37.36931228637695"",""31.658489227294922"",""31.658489227294922"",""31.658489227294922"",""28.59554100036621"",""28.59554100036621"",""28.59554100036621"",""32.74928283691406"",""32.74928283691406"",""32.74928283691406"",""29.559999465942383"",""29.559999465942383"",""29.559999465942383"""
"60,""29.424861907958984"",""29.424861907958984"",""29.424861907958984"",""35.63814163208008"",""35.63814163208008"",""35.63814163208008"",""28.883949279785156"",""28.883949279785156"",""28.883949279785156"",""31.417987823486328"",""31.417987823486328"",""31.417987823486328"",""30.25174331665039"",""30.25174331665039"",""30.25174331665039"",""20.899999618530273"",""20.899999618530273"",""20.899999618530273"""
"61,""25.902692794799805"",""25.902692794799805"",""25.902692794799805"",""28.39494514465332"",""28.39494514465332"",""28.39494514465332"",""23.533123016357422"",""23.533123016357422"",""23.533123016357422"",""25.241470336914062"",""25.241470336914062"",""25.241470336914062"",""26.397123336791992"",""26.397123336791992"",""26.397123336791992"",""21.479999542236328"",""21.479999542236328"",""21.479999542236328"""
"62,""23.096342086791992"",""23.096342086791992"",""23.096342086791992"",""23.45378303527832"",""23.45378303527832"",""23.45378303527832"",""20.677188873291016"",""20.677188873291016"",""20.677188873291016"",""21.736095428466797"",""21.736095428466797"",""21.736095428466797"",""22.94534683227539"",""22.94534683227539"",""22.94534683227539"",""21.149999618530273"",""21.149999618530273"",""21.149999618530273"""
"63,""22.431032180786133"",""22.431032180786133"",""22.431032180786133"",""22.03113555908203"",""22.03113555908203"",""22.03113555908203"",""18.70592498779297"",""18.70592498779297"",""18.70592498779297"",""19.268579483032227"",""19.268579483032227"",""19.268579483032227"",""21.683631896972656"",""21.683631896972656"",""21.683631896972656"",""19.639999389648438"",""19.639999389648438"",""19.639999389648438"""
"64,""22.413578033447266"",""22.413578033447266"",""22.413578033447266"",""19.220518112182617"",""19.220518112182617"",""19.220518112182617"",""17.043476104736328"",""17.043476104736328"",""17.043476104736328"",""18.507295608520508"",""18.507295608520508"",""18.507295608520508"",""20.745325088500977"",""20.745325088500977"",""20.745325088500977"",""19.989999771118164"",""19.989999771118164"",""19.989999771118164"""
"65,""22.91936492919922"",""22.91936492919922"",""22.91936492919922"",""18.9987850189209"",""18.9987850189209"",""18.9987850189209"",""16.148380279541016"",""16.148380279541016"",""16.148380279541016"",""18.290979385375977"",""18.290979385375977"",""18.290979385375977"",""21.140748977661133"",""21.140748977661133"",""21.140748977661133"",""19.15999984741211"",""19.15999984741211"",""19.15999984741211"""
"66,""23.303955078125"",""23.303955078125"",""23.303955078125"",""18.685026168823242"",""18.685026168823242"",""18.685026168823242"",""15.733349800109863"",""15.733349800109863"",""15.733349800109863"",""18.4243221282959"",""18.4243221282959"",""18.4243221282959"",""21.133207321166992"",""21.133207321166992"",""21.133207321166992"",""17.6200008392334"",""17.6200008392334"",""17.6200008392334"""
"67,""22.694608688354492"",""22.694608688354492"",""22.694608688354492"",""18.67373275756836"",""18.67373275756836"",""18.67373275756836"",""15.905073165893555"",""15.905073165893555"",""15.905073165893555"",""19.030241012573242"",""19.030241012573242"",""19.030241012573242"",""21.111392974853516"",""21.111392974853516"",""21.111392974853516"",""16.3700008392334"",""16.3700008392334"",""16.3700008392334"""
"68,""22.836318969726562"",""22.836318969726562"",""22.836318969726562"",""19.48358726501465"",""19.48358726501465"",""19.48358726501465"",""16.5672607421875"",""16.5672607421875"",""16.5672607421875"",""19.55784797668457"",""19.55784797668457"",""19.55784797668457"",""20.788818359375"",""20.788818359375"",""20.788818359375"",""17.09000015258789"",""17.09000015258789"",""17.09000015258789"""
"69,""22.87445640563965"",""22.87445640563965"",""22.87445640563965"",""20.173044204711914"",""20.173044204711914"",""20.173044204711914"",""17.188913345336914"",""17.188913345336914"",""17.188913345336914"",""19.78371238708496"",""19.78371238708496"",""19.78371238708496"",""20.361255645751953"",""20.361255645751953"",""20.361255645751953"",""17.739999771118164"",""17.739999771118164"",""17.739999771118164"""
"70,""24.231037139892578"",""24.231037139892578"",""24.231037139892578"",""22.29096221923828"",""22.29096221923828"",""22.29096221923828"",""18.6531925201416"",""18.6531925201416"",""18.6531925201416"",""20.949621200561523"",""20.949621200561523"",""20.949621200561523"",""21.45694923400879"",""21.45694923400879"",""21.45694923400879"",""17.959999084472656"",""17.959999084472656"",""17.959999084472656"""
"71,""24.768924713134766"",""24.768924713134766"",""24.768924713134766"",""23.580997467041016"",""23.580997467041016"",""23.580997467041016"",""20.524642944335938"",""20.524642944335938"",""20.524642944335938"",""20.859453201293945"",""20.859453201293945"",""20.859453201293945"",""21.067188262939453"",""21.067188262939453"",""21.067188262939453"",""20.770000457763672"",""20.770000457763672"",""20.770000457763672"""
"72,""22.072216033935547"",""22.072216033935547"",""22.072216033935547"",""22.32513427734375"",""22.32513427734375"",""22.32513427734375"",""23.1911563873291"",""23.1911563873291"",""23.1911563873291"",""23.61183738708496"",""23.61183738708496"",""23.61183738708496"",""21.613370895385742"",""21.613370895385742"",""21.613370895385742"",""20.209999084472656"",""20.209999084472656"",""20.209999084472656"""
"73,""22.34275245666504"",""22.34275245666504"",""22.34275245666504"",""25.9191951751709"",""25.9191951751709"",""25.9191951751709"",""25.00463104248047"",""25.00463104248047"",""25.00463104248047"",""25.423263549804688"",""25.423263549804688"",""25.423263549804688"",""22.731977462768555"",""22.731977462768555"",""22.731977462768555"",""26.110000610351562"",""26.110000610351562"",""26.110000610351562"""
"74,""22.923877716064453"",""22.923877716064453"",""22.923877716064453"",""31.07784652709961"",""31.07784652709961"",""31.07784652709961"",""27.6420955657959"",""27.6420955657959"",""27.6420955657959"",""27.20281219482422"",""27.20281219482422"",""27.20281219482422"",""23.765575408935547"",""23.765575408935547"",""23.765575408935547"",""27.75"",""27.75"",""27.75"""
"75,""22.74853515625"",""22.74853515625"",""22.74853515625"",""35.668182373046875"",""35.668182373046875"",""35.668182373046875"",""29.258522033691406"",""29.258522033691406"",""29.258522033691406"",""28.12360382080078"",""28.12360382080078"",""28.12360382080078"",""25.056833267211914"",""25.056833267211914"",""25.056833267211914"",""23.450000762939453"",""23.450000762939453"",""23.450000762939453"""
"76,""23.801950454711914"",""23.801950454711914"",""23.801950454711914"",""42.77662658691406"",""42.77662658691406"",""42.77662658691406"",""33.657249450683594"",""33.657249450683594"",""33.657249450683594"",""31.64201545715332"",""31.64201545715332"",""31.64201545715332"",""30.22271728515625"",""30.22271728515625"",""30.22271728515625"",""39.029998779296875"",""39.029998779296875"",""39.029998779296875"""
"77,""26.993162155151367"",""26.993162155151367"",""26.993162155151367"",""43.32264709472656"",""43.32264709472656"",""43.32264709472656"",""36.93376159667969"",""36.93376159667969"",""36.93376159667969"",""33.776554107666016"",""33.776554107666016"",""33.776554107666016"",""34.89630126953125"",""34.89630126953125"",""34.89630126953125"",""57.52000045776367"",""57.52000045776367"",""57.52000045776367"""
"78,""32.72106170654297"",""32.72106170654297"",""32.72106170654297"",""44.403621673583984"",""44.403621673583984"",""44.403621673583984"",""42.960208892822266"",""42.960208892822266"",""42.960208892822266"",""37.0716438293457"",""37.0716438293457"",""37.0716438293457"",""37.019798278808594"",""37.019798278808594"",""37.019798278808594"",""119.6500015258789"",""119.6500015258789"",""119.6500015258789"""
"79,""36.461341857910156"",""36.461341857910156"",""36.461341857910156"",""40.52387237548828"",""40.52387237548828"",""40.52387237548828"",""44.01105880737305"",""44.01105880737305"",""44.01105880737305"",""36.71022415161133"",""36.71022415161133"",""36.71022415161133"",""36.80116653442383"",""36.80116653442383"",""36.80116653442383"",""44.209999084472656"",""44.209999084472656"",""44.209999084472656"""
"80,""37.16769027709961"",""37.16769027709961"",""37.16769027709961"",""34.42237091064453"",""34.42237091064453"",""34.42237091064453"",""38.79154586791992"",""38.79154586791992"",""38.79154586791992"",""30.3988094329834"",""30.3988094329834"",""30.3988094329834"",""33.79847717285156"",""33.79847717285156"",""33.79847717285156"",""36.5099983215332"",""36.5099983215332"",""36.5099983215332"""
"81,""31.308502197265625"",""31.308502197265625"",""31.308502197265625"",""26.305496215820312"",""26.305496215820312"",""26.305496215820312"",""30.09978675842285"",""30.09978675842285"",""30.09978675842285"",""21.985488891601562"",""21.985488891601562"",""21.985488891601562"",""26.566768646240234"",""26.566768646240234"",""26.566768646240234"",""22.940000534057617"",""22.940000534057617"",""22.940000534057617"""
"82,""23.995773315429688"",""23.995773315429688"",""23.995773315429688"",""22.696460723876953"",""22.696460723876953"",""22.696460723876953"",""24.33696937561035"",""24.33696937561035"",""24.33696937561035"",""19.63538360595703"",""19.63538360595703"",""19.63538360595703"",""21.42078399658203"",""21.42078399658203"",""21.42078399658203"",""23.239999771118164"",""23.239999771118164"",""23.239999771118164"""
"83,""21.554208755493164"",""21.554208755493164"",""21.554208755493164"",""22.272794723510742"",""22.272794723510742"",""22.272794723510742"",""20.854387283325195"",""20.854387283325195"",""20.854387283325195"",""18.927623748779297"",""18.927623748779297"",""18.927623748779297"",""20.213056564331055"",""20.213056564331055"",""20.213056564331055"",""22.190000534057617"",""22.190000534057617"",""22.190000534057617"""
"84,""20.227882385253906"",""20.227882385253906"",""20.227882385253906"",""21.212520599365234"",""21.212520599365234"",""21.212520599365234"",""19.132410049438477"",""19.132410049438477"",""19.132410049438477"",""18.487497329711914"",""18.487497329711914"",""18.487497329711914"",""19.401599884033203"",""19.401599884033203"",""19.401599884033203"",""21.829999923706055"",""21.829999923706055"",""21.829999923706055"""
"85,""19.554447174072266"",""19.554447174072266"",""19.554447174072266"",""20.252399444580078"",""20.252399444580078"",""20.252399444580078"",""18.044572830200195"",""18.044572830200195"",""18.044572830200195"",""18.475643157958984"",""18.475643157958984"",""18.475643157958984"",""18.867982864379883"",""18.867982864379883"",""18.867982864379883"",""23.190000534057617"",""23.190000534057617"",""23.190000534057617"""
"86,""19.376623153686523"",""19.376623153686523"",""19.376623153686523"",""19.541786193847656"",""19.541786193847656"",""19.541786193847656"",""16.98534393310547"",""16.98534393310547"",""16.98534393310547"",""17.94244384765625"",""17.94244384765625"",""17.94244384765625"",""18.528188705444336"",""18.528188705444336"",""18.528188705444336"",""22.59000015258789"",""22.59000015258789"",""22.59000015258789"""
"87,""19.59085464477539"",""19.59085464477539"",""19.59085464477539"",""18.17725944519043"",""18.17725944519043"",""18.17725944519043"",""16.216989517211914"",""16.216989517211914"",""16.216989517211914"",""17.881162643432617"",""17.881162643432617"",""17.881162643432617"",""18.81361198425293"",""18.81361198425293"",""18.81361198425293"",""20.200000762939453"",""20.200000762939453"",""20.200000762939453"""
"88,""19.351022720336914"",""19.351022720336914"",""19.351022720336914"",""17.168983459472656"",""17.168983459472656"",""17.168983459472656"",""16.02872085571289"",""16.02872085571289"",""16.02872085571289"",""16.69794273376465"",""16.69794273376465"",""16.69794273376465"",""18.57322120666504"",""18.57322120666504"",""18.57322120666504"",""19.610000610351562"",""19.610000610351562"",""19.610000610351562"""
"89,""19.29515838623047"",""19.29515838623047"",""19.29515838623047"",""16.989961624145508"",""16.989961624145508"",""16.989961624145508"",""16.575857162475586"",""16.575857162475586"",""16.575857162475586"",""16.759920120239258"",""16.759920120239258"",""16.759920120239258"",""18.723068237304688"",""18.723068237304688"",""18.723068237304688"",""19.440000534057617"",""19.440000534057617"",""19.440000534057617"""
"90,""19.489261627197266"",""19.489261627197266"",""19.489261627197266"",""17.52445411682129"",""17.52445411682129"",""17.52445411682129"",""17.025264739990234"",""17.025264739990234"",""17.025264739990234"",""17.576614379882812"",""17.576614379882812"",""17.576614379882812"",""18.55459213256836"",""18.55459213256836"",""18.55459213256836"",""20.489999771118164"",""20.489999771118164"",""20.489999771118164"""
"91,""20.54576873779297"",""20.54576873779297"",""20.54576873779297"",""19.760456085205078"",""19.760456085205078"",""19.760456085205078"",""19.055940628051758"",""19.055940628051758"",""19.055940628051758"",""19.627315521240234"",""19.627315521240234"",""19.627315521240234"",""20.049198150634766"",""20.049198150634766"",""20.049198150634766"",""23.90999984741211"",""23.90999984741211"",""23.90999984741211"""
"92,""20.962055206298828"",""20.962055206298828"",""20.962055206298828"",""20.84186553955078"",""20.84186553955078"",""20.84186553955078"",""20.38755989074707"",""20.38755989074707"",""20.38755989074707"",""20.977088928222656"",""20.977088928222656"",""20.977088928222656"",""20.099157333374023"",""20.099157333374023"",""20.099157333374023"",""29.540000915527344"",""29.540000915527344"",""29.540000915527344"""
"93,""21.714092254638672"",""21.714092254638672"",""21.714092254638672"",""22.070741653442383"",""22.070741653442383"",""22.070741653442383"",""22.908588409423828"",""22.908588409423828"",""22.908588409423828"",""22.869905471801758"",""22.869905471801758"",""22.869905471801758"",""21.237245559692383"",""21.237245559692383"",""21.237245559692383"",""34.189998626708984"",""34.189998626708984"",""34.189998626708984"""
"94,""22.793806076049805"",""22.793806076049805"",""22.793806076049805"",""23.511878967285156"",""23.511878967285156"",""23.511878967285156"",""24.950725555419922"",""24.950725555419922"",""24.950725555419922"",""25.13946533203125"",""25.13946533203125"",""25.13946533203125"",""22.369794845581055"",""22.369794845581055"",""22.369794845581055"",""33.13999938964844"",""33.13999938964844"",""33.13999938964844"""
"95,""23.427627563476562"",""23.427627563476562"",""23.427627563476562"",""24.361221313476562"",""24.361221313476562"",""24.361221313476562"",""26.258516311645508"",""26.258516311645508"",""26.258516311645508"",""26.9208984375"",""26.9208984375"",""26.9208984375"",""23.56444549560547"",""23.56444549560547"",""23.56444549560547"",""38.38999938964844"",""38.38999938964844"",""38.38999938964844"""
"96,""28.5322322845459"",""28.5322322845459"",""28.5322322845459"",""32.81462860107422"",""32.81462860107422"",""32.81462860107422"",""28.952850341796875"",""28.952850341796875"",""28.952850341796875"",""26.810762405395508"",""26.810762405395508"",""26.810762405395508"",""34.50307846069336"",""34.50307846069336"",""34.50307846069336"",""45.22999954223633"",""45.22999954223633"",""45.22999954223633"""
"97,""34.97863006591797"",""34.97863006591797"",""34.97863006591797"",""41.246665954589844"",""41.246665954589844"",""41.246665954589844"",""31.731111526489258"",""31.731111526489258"",""31.731111526489258"",""32.028953552246094"",""32.028953552246094"",""32.028953552246094"",""41.01388931274414"",""41.01388931274414"",""41.01388931274414"",""467.3999938964844"",""467.3999938964844"",""467.3999938964844"""
"98,""42.37317657470703"",""42.37317657470703"",""42.37317657470703"",""47.14628219604492"",""47.14628219604492"",""47.14628219604492"",""35.426300048828125"",""35.426300048828125"",""35.426300048828125"",""38.514801025390625"",""38.514801025390625"",""38.514801025390625"",""44.00890350341797"",""44.00890350341797"",""44.00890350341797"",""450.5"",""450.5"",""450.5"""
"99,""44.48838424682617"",""44.48838424682617"",""44.48838424682617"",""47.76165008544922"",""47.76165008544922"",""47.76165008544922"",""43.363197326660156"",""43.363197326660156"",""43.363197326660156"",""42.5134162902832"",""42.5134162902832"",""42.5134162902832"",""44.16196823120117"",""44.16196823120117"",""44.16196823120117"",""522.9000244140625"",""522.9000244140625"",""522.9000244140625"""
"100,""38.953125"",""38.953125"",""38.953125"",""41.58056640625"",""41.58056640625"",""41.58056640625"",""45.24123764038086"",""45.24123764038086"",""45.24123764038086"",""34.55572509765625"",""34.55572509765625"",""34.55572509765625"",""40.085838317871094"",""40.085838317871094"",""40.085838317871094"",""553.6099853515625"",""553.6099853515625"",""553.6099853515625"""
"101,""30.72314453125"",""30.72314453125"",""30.72314453125"",""35.09268569946289"",""35.09268569946289"",""35.09268569946289"",""40.590946197509766"",""40.590946197509766"",""40.590946197509766"",""27.432462692260742"",""27.432462692260742"",""27.432462692260742"",""34.78342056274414"",""34.78342056274414"",""34.78342056274414"",""218.33999633789062"",""218.33999633789062"",""218.33999633789062"""
"102,""25.501440048217773"",""25.501440048217773"",""25.501440048217773"",""30.29754638671875"",""30.29754638671875"",""30.29754638671875"",""33.4471549987793"",""33.4471549987793"",""33.4471549987793"",""24.888652801513672"",""24.888652801513672"",""24.888652801513672"",""29.397695541381836"",""29.397695541381836"",""29.397695541381836"",""42.189998626708984"",""42.189998626708984"",""42.189998626708984"""
"103,""23.540576934814453"",""23.540576934814453"",""23.540576934814453"",""26.664344787597656"",""26.664344787597656"",""26.664344787597656"",""28.71115493774414"",""28.71115493774414"",""28.71115493774414"",""23.74633026123047"",""23.74633026123047"",""23.74633026123047"",""26.59946632385254"",""26.59946632385254"",""26.59946632385254"",""34.209999084472656"",""34.209999084472656"",""34.209999084472656"""
"104,""22.95786476135254"",""22.95786476135254"",""22.95786476135254"",""24.396530151367188"",""24.396530151367188"",""24.396530151367188"",""26.468246459960938"",""26.468246459960938"",""26.468246459960938"",""23.458351135253906"",""23.458351135253906"",""23.458351135253906"",""25.782426834106445"",""25.782426834106445"",""25.782426834106445"",""29.670000076293945"",""29.670000076293945"",""29.670000076293945"""
"105,""22.934911727905273"",""22.934911727905273"",""22.934911727905273"",""22.611326217651367"",""22.611326217651367"",""22.611326217651367"",""23.195764541625977"",""23.195764541625977"",""23.195764541625977"",""21.37712860107422"",""21.37712860107422"",""21.37712860107422"",""23.406661987304688"",""23.406661987304688"",""23.406661987304688"",""25.139999389648438"",""25.139999389648438"",""25.139999389648438"""
"106,""21.966482162475586"",""21.966482162475586"",""21.966482162475586"",""21.749982833862305"",""21.749982833862305"",""21.749982833862305"",""22.237672805786133"",""22.237672805786133"",""22.237672805786133"",""21.12357521057129"",""21.12357521057129"",""21.12357521057129"",""22.282087326049805"",""22.282087326049805"",""22.282087326049805"",""24.459999084472656"",""24.459999084472656"",""24.459999084472656"""
"107,""22.03827667236328"",""22.03827667236328"",""22.03827667236328"",""21.91082000732422"",""21.91082000732422"",""21.91082000732422"",""22.863750457763672"",""22.863750457763672"",""22.863750457763672"",""21.61313247680664"",""21.61313247680664"",""21.61313247680664"",""22.557676315307617"",""22.557676315307617"",""22.557676315307617"",""24.81999969482422"",""24.81999969482422"",""24.81999969482422"""
"108,""22.222108840942383"",""22.222108840942383"",""22.222108840942383"",""22.125280380249023"",""22.125280380249023"",""22.125280380249023"",""24.589597702026367"",""24.589597702026367"",""24.589597702026367"",""21.83207893371582"",""21.83207893371582"",""21.83207893371582"",""22.80533218383789"",""22.80533218383789"",""22.80533218383789"",""25.049999237060547"",""25.049999237060547"",""25.049999237060547"""
"109,""22.300025939941406"",""22.300025939941406"",""22.300025939941406"",""22.729572296142578"",""22.729572296142578"",""22.729572296142578"",""24.825538635253906"",""24.825538635253906"",""24.825538635253906"",""23.41475486755371"",""23.41475486755371"",""23.41475486755371"",""23.939786911010742"",""23.939786911010742"",""23.939786911010742"",""25.719999313354492"",""25.719999313354492"",""25.719999313354492"""
"110,""22.234975814819336"",""22.234975814819336"",""22.234975814819336"",""23.17340850830078"",""23.17340850830078"",""23.17340850830078"",""24.408252716064453"",""24.408252716064453"",""24.408252716064453"",""23.387475967407227"",""23.387475967407227"",""23.387475967407227"",""24.205554962158203"",""24.205554962158203"",""24.205554962158203"",""24.920000076293945"",""24.920000076293945"",""24.920000076293945"""
"111,""22.128070831298828"",""22.128070831298828"",""22.128070831298828"",""23.388099670410156"",""23.388099670410156"",""23.388099670410156"",""23.633310317993164"",""23.633310317993164"",""23.633310317993164"",""23.43758201599121"",""23.43758201599121"",""23.43758201599121"",""23.697635650634766"",""23.697635650634766"",""23.697635650634766"",""22.459999084472656"",""22.459999084472656"",""22.459999084472656"""
"112,""21.73678970336914"",""21.73678970336914"",""21.73678970336914"",""23.104331970214844"",""23.104331970214844"",""23.104331970214844"",""22.779769897460938"",""22.779769897460938"",""22.779769897460938"",""22.70090675354004"",""22.70090675354004"",""22.70090675354004"",""22.497089385986328"",""22.497089385986328"",""22.497089385986328"",""22.700000762939453"",""22.700000762939453"",""22.700000762939453"""
"113,""21.32023048400879"",""21.32023048400879"",""21.32023048400879"",""23.708593368530273"",""23.708593368530273"",""23.708593368530273"",""22.02399253845215"",""22.02399253845215"",""22.02399253845215"",""22.649377822875977"",""22.649377822875977"",""22.649377822875977"",""22.277402877807617"",""22.277402877807617"",""22.277402877807617"",""24.360000610351562"",""24.360000610351562"",""24.360000610351562"""
"114,""21.891448974609375"",""21.891448974609375"",""21.891448974609375"",""23.92059898376465"",""23.92059898376465"",""23.92059898376465"",""22.181560516357422"",""22.181560516357422"",""22.181560516357422"",""22.84693717956543"",""22.84693717956543"",""22.84693717956543"",""23.39388656616211"",""23.39388656616211"",""23.39388656616211"",""25.260000228881836"",""25.260000228881836"",""25.260000228881836"""
"115,""23.106393814086914"",""23.106393814086914"",""23.106393814086914"",""24.646432876586914"",""24.646432876586914"",""24.646432876586914"",""23.62982749938965"",""23.62982749938965"",""23.62982749938965"",""23.96694564819336"",""23.96694564819336"",""23.96694564819336"",""25.552927017211914"",""25.552927017211914"",""25.552927017211914"",""35.08000183105469"",""35.08000183105469"",""35.08000183105469"""
"116,""23.638994216918945"",""23.638994216918945"",""23.638994216918945"",""25.286828994750977"",""25.286828994750977"",""25.286828994750977"",""23.982402801513672"",""23.982402801513672"",""23.982402801513672"",""25.911897659301758"",""25.911897659301758"",""25.911897659301758"",""28.693782806396484"",""28.693782806396484"",""28.693782806396484"",""36.47999954223633"",""36.47999954223633"",""36.47999954223633"""
"117,""24.981304168701172"",""24.981304168701172"",""24.981304168701172"",""27.933462142944336"",""27.933462142944336"",""27.933462142944336"",""25.63176155090332"",""25.63176155090332"",""25.63176155090332"",""28.158411026000977"",""28.158411026000977"",""28.158411026000977"",""33.659820556640625"",""33.659820556640625"",""33.659820556640625"",""43.119998931884766"",""43.119998931884766"",""43.119998931884766"""
"118,""27.029447555541992"",""27.029447555541992"",""27.029447555541992"",""31.082918167114258"",""31.082918167114258"",""31.082918167114258"",""26.74445915222168"",""26.74445915222168"",""26.74445915222168"",""30.55924415588379"",""30.55924415588379"",""30.55924415588379"",""38.622344970703125"",""38.622344970703125"",""38.622344970703125"",""59.25"",""59.25"",""59.25"""
"119,""28.935148239135742"",""28.935148239135742"",""28.935148239135742"",""35.88972854614258"",""35.88972854614258"",""35.88972854614258"",""28.50042152404785"",""28.50042152404785"",""28.50042152404785"",""31.804285049438477"",""31.804285049438477"",""31.804285049438477"",""41.41630554199219"",""41.41630554199219"",""41.41630554199219"",""81.05000305175781"",""81.05000305175781"",""81.05000305175781"""
"120,""45.668243408203125"",""45.668243408203125"",""45.668243408203125"",""55.778602600097656"",""55.778602600097656"",""55.778602600097656"",""50.2588996887207"",""50.2588996887207"",""50.2588996887207"",""53.42536163330078"",""53.42536163330078"",""53.42536163330078"",""41.23626708984375"",""41.23626708984375"",""41.23626708984375"",""288.7799987792969"",""288.7799987792969"",""288.7799987792969"""
"121,""49.508819580078125"",""49.508819580078125"",""49.508819580078125"",""57.750091552734375"",""57.750091552734375"",""57.750091552734375"",""62.64742660522461"",""62.64742660522461"",""62.64742660522461"",""58.08704376220703"",""58.08704376220703"",""58.08704376220703"",""47.44877624511719"",""47.44877624511719"",""47.44877624511719"",""49.02000045776367"",""49.02000045776367"",""49.02000045776367"""
"122,""55.039215087890625"",""55.039215087890625"",""55.039215087890625"",""57.24067687988281"",""57.24067687988281"",""57.24067687988281"",""67.89564514160156"",""67.89564514160156"",""67.89564514160156"",""60.155765533447266"",""60.155765533447266"",""60.155765533447266"",""51.88017654418945"",""51.88017654418945"",""51.88017654418945"",""68.0199966430664"",""68.0199966430664"",""68.0199966430664"""
"123,""54.48260498046875"",""54.48260498046875"",""54.48260498046875"",""55.10551452636719"",""55.10551452636719"",""55.10551452636719"",""69.38750457763672"",""69.38750457763672"",""69.38750457763672"",""59.3659782409668"",""59.3659782409668"",""59.3659782409668"",""51.42390441894531"",""51.42390441894531"",""51.42390441894531"",""271.25"",""271.25"",""271.25"""
"124,""53.150535583496094"",""53.150535583496094"",""53.150535583496094"",""51.79747772216797"",""51.79747772216797"",""51.79747772216797"",""67.78689575195312"",""67.78689575195312"",""67.78689575195312"",""58.05685043334961"",""58.05685043334961"",""58.05685043334961"",""48.629974365234375"",""48.629974365234375"",""48.629974365234375"",""106.52999877929688"",""106.52999877929688"",""106.52999877929688"""
"125,""51.36357116699219"",""51.36357116699219"",""51.36357116699219"",""47.4652099609375"",""47.4652099609375"",""47.4652099609375"",""63.43790817260742"",""63.43790817260742"",""63.43790817260742"",""55.76985168457031"",""55.76985168457031"",""55.76985168457031"",""44.767276763916016"",""44.767276763916016"",""44.767276763916016"",""39.40999984741211"",""39.40999984741211"",""39.40999984741211"""
"126,""44.67375946044922"",""44.67375946044922"",""44.67375946044922"",""40.08320236206055"",""40.08320236206055"",""40.08320236206055"",""57.570247650146484"",""57.570247650146484"",""57.570247650146484"",""51.198699951171875"",""51.198699951171875"",""51.198699951171875"",""38.83604431152344"",""38.83604431152344"",""38.83604431152344"",""39.099998474121094"",""39.099998474121094"",""39.099998474121094"""
"127,""34.029808044433594"",""34.029808044433594"",""34.029808044433594"",""35.70732116699219"",""35.70732116699219"",""35.70732116699219"",""51.390865325927734"",""51.390865325927734"",""51.390865325927734"",""45.29496383666992"",""45.29496383666992"",""45.29496383666992"",""33.69135284423828"",""33.69135284423828"",""33.69135284423828"",""32.040000915527344"",""32.040000915527344"",""32.040000915527344"""
"128,""30.18952751159668"",""30.18952751159668"",""30.18952751159668"",""31.483362197875977"",""31.483362197875977"",""31.483362197875977"",""45.730690002441406"",""45.730690002441406"",""45.730690002441406"",""36.99793243408203"",""36.99793243408203"",""36.99793243408203"",""28.82271957397461"",""28.82271957397461"",""28.82271957397461"",""34.040000915527344"",""34.040000915527344"",""34.040000915527344"""
"129,""27.405128479003906"",""27.405128479003906"",""27.405128479003906"",""30.114643096923828"",""30.114643096923828"",""30.114643096923828"",""39.698368072509766"",""39.698368072509766"",""39.698368072509766"",""32.74603271484375"",""32.74603271484375"",""32.74603271484375"",""26.434288024902344"",""26.434288024902344"",""26.434288024902344"",""31.25"",""31.25"",""31.25"""
"130,""28.155797958374023"",""28.155797958374023"",""28.155797958374023"",""29.82681655883789"",""29.82681655883789"",""29.82681655883789"",""36.001216888427734"",""36.001216888427734"",""36.001216888427734"",""30.667335510253906"",""30.667335510253906"",""30.667335510253906"",""26.058975219726562"",""26.058975219726562"",""26.058975219726562"",""29.920000076293945"",""29.920000076293945"",""29.920000076293945"""
"131,""26.093557357788086"",""26.093557357788086"",""26.093557357788086"",""26.072973251342773"",""26.072973251342773"",""26.072973251342773"",""29.622207641601562"",""29.622207641601562"",""29.622207641601562"",""24.832866668701172"",""24.832866668701172"",""24.832866668701172"",""22.680400848388672"",""22.680400848388672"",""22.680400848388672"",""30.8799991607666"",""30.8799991607666"",""30.8799991607666"""
"132,""25.38595962524414"",""25.38595962524414"",""25.38595962524414"",""25.761472702026367"",""25.761472702026367"",""25.761472702026367"",""27.577537536621094"",""27.577537536621094"",""27.577537536621094"",""23.224319458007812"",""23.224319458007812"",""23.224319458007812"",""21.824848175048828"",""21.824848175048828"",""21.824848175048828"",""30.049999237060547"",""30.049999237060547"",""30.049999237060547"""
"133,""25.124603271484375"",""25.124603271484375"",""25.124603271484375"",""25.28274917602539"",""25.28274917602539"",""25.28274917602539"",""25.73168182373047"",""25.73168182373047"",""25.73168182373047"",""22.99310302734375"",""22.99310302734375"",""22.99310302734375"",""21.769760131835938"",""21.769760131835938"",""21.769760131835938"",""35.5"",""35.5"",""35.5"""
"134,""24.69429588317871"",""24.69429588317871"",""24.69429588317871"",""24.18017578125"",""24.18017578125"",""24.18017578125"",""25.01558494567871"",""25.01558494567871"",""25.01558494567871"",""22.69780731201172"",""22.69780731201172"",""22.69780731201172"",""21.942569732666016"",""21.942569732666016"",""21.942569732666016"",""27.6299991607666"",""27.6299991607666"",""27.6299991607666"""
"135,""24.410810470581055"",""24.410810470581055"",""24.410810470581055"",""23.396039962768555"",""23.396039962768555"",""23.396039962768555"",""23.99011993408203"",""23.99011993408203"",""23.99011993408203"",""22.575366973876953"",""22.575366973876953"",""22.575366973876953"",""21.86693572998047"",""21.86693572998047"",""21.86693572998047"",""22.040000915527344"",""22.040000915527344"",""22.040000915527344"""
"136,""23.5903377532959"",""23.5903377532959"",""23.5903377532959"",""21.481067657470703"",""21.481067657470703"",""21.481067657470703"",""23.038288116455078"",""23.038288116455078"",""23.038288116455078"",""21.659839630126953"",""21.659839630126953"",""21.659839630126953"",""20.403446197509766"",""20.403446197509766"",""20.403446197509766"",""22.209999084472656"",""22.209999084472656"",""22.209999084472656"""
"137,""22.485559463500977"",""22.485559463500977"",""22.485559463500977"",""19.107648849487305"",""19.107648849487305"",""19.107648849487305"",""23.575462341308594"",""23.575462341308594"",""23.575462341308594"",""20.9976863861084"",""20.9976863861084"",""20.9976863861084"",""20.660667419433594"",""20.660667419433594"",""20.660667419433594"",""23.959999084472656"",""23.959999084472656"",""23.959999084472656"""
"138,""22.702051162719727"",""22.702051162719727"",""22.702051162719727"",""18.033653259277344"",""18.033653259277344"",""18.033653259277344"",""24.551637649536133"",""24.551637649536133"",""24.551637649536133"",""20.336406707763672"",""20.336406707763672"",""20.336406707763672"",""20.904438018798828"",""20.904438018798828"",""20.904438018798828"",""26.479999542236328"",""26.479999542236328"",""26.479999542236328"""
"139,""23.85980224609375"",""23.85980224609375"",""23.85980224609375"",""19.818065643310547"",""19.818065643310547"",""19.818065643310547"",""28.30718994140625"",""28.30718994140625"",""28.30718994140625"",""23.051889419555664"",""23.051889419555664"",""23.051889419555664"",""23.874908447265625"",""23.874908447265625"",""23.874908447265625"",""26.530000686645508"",""26.530000686645508"",""26.530000686645508"""
"140,""24.029098510742188"",""24.029098510742188"",""24.029098510742188"",""20.22491455078125"",""20.22491455078125"",""20.22491455078125"",""31.65900230407715"",""31.65900230407715"",""31.65900230407715"",""23.96319580078125"",""23.96319580078125"",""23.96319580078125"",""25.916820526123047"",""25.916820526123047"",""25.916820526123047"",""31.829999923706055"",""31.829999923706055"",""31.829999923706055"""
"141,""27.202138900756836"",""27.202138900756836"",""27.202138900756836"",""22.3404541015625"",""22.3404541015625"",""22.3404541015625"",""38.58273696899414"",""38.58273696899414"",""38.58273696899414"",""28.587400436401367"",""28.587400436401367"",""28.587400436401367"",""28.994251251220703"",""28.994251251220703"",""28.994251251220703"",""33.279998779296875"",""33.279998779296875"",""33.279998779296875"""
"142,""33.33330535888672"",""33.33330535888672"",""33.33330535888672"",""27.28586196899414"",""27.28586196899414"",""27.28586196899414"",""45.43842315673828"",""45.43842315673828"",""45.43842315673828"",""35.681304931640625"",""35.681304931640625"",""35.681304931640625"",""34.399505615234375"",""34.399505615234375"",""34.399505615234375"",""40.189998626708984"",""40.189998626708984"",""40.189998626708984"""
"143,""35.51372528076172"",""35.51372528076172"",""35.51372528076172"",""31.71420669555664"",""31.71420669555664"",""31.71420669555664"",""47.852603912353516"",""47.852603912353516"",""47.852603912353516"",""35.64201736450195"",""35.64201736450195"",""35.64201736450195"",""37.3629035949707"",""37.3629035949707"",""37.3629035949707"",""39.75"",""39.75"",""39.75"""
"144,""33.38740158081055"",""33.38740158081055"",""33.38740158081055"",""31.13723373413086"",""31.13723373413086"",""31.13723373413086"",""40.9014892578125"",""40.9014892578125"",""40.9014892578125"",""39.98488998413086"",""39.98488998413086"",""39.98488998413086"",""44.80382537841797"",""44.80382537841797"",""44.80382537841797"",""40.06999969482422"",""40.06999969482422"",""40.06999969482422"""
"145,""37.6777458190918"",""37.6777458190918"",""37.6777458190918"",""35.41061782836914"",""35.41061782836914"",""35.41061782836914"",""54.94242477416992"",""54.94242477416992"",""54.94242477416992"",""47.54193878173828"",""47.54193878173828"",""47.54193878173828"",""49.75212097167969"",""49.75212097167969"",""49.75212097167969"",""31.540000915527344"",""31.540000915527344"",""31.540000915527344"""
"146,""42.482688903808594"",""42.482688903808594"",""42.482688903808594"",""41.20174789428711"",""41.20174789428711"",""41.20174789428711"",""60.4608268737793"",""60.4608268737793"",""60.4608268737793"",""48.90169906616211"",""48.90169906616211"",""48.90169906616211"",""49.95621871948242"",""49.95621871948242"",""49.95621871948242"",""38.20000076293945"",""38.20000076293945"",""38.20000076293945"""
"147,""43.42917251586914"",""43.42917251586914"",""43.42917251586914"",""44.40303039550781"",""44.40303039550781"",""44.40303039550781"",""57.03416442871094"",""57.03416442871094"",""57.03416442871094"",""46.565185546875"",""46.565185546875"",""46.565185546875"",""46.49958801269531"",""46.49958801269531"",""46.49958801269531"",""57.63999938964844"",""57.63999938964844"",""57.63999938964844"""
"148,""41.763370513916016"",""41.763370513916016"",""41.763370513916016"",""42.27070236206055"",""42.27070236206055"",""42.27070236206055"",""51.39409637451172"",""51.39409637451172"",""51.39409637451172"",""45.7574462890625"",""45.7574462890625"",""45.7574462890625"",""40.43213653564453"",""40.43213653564453"",""40.43213653564453"",""39.459999084472656"",""39.459999084472656"",""39.459999084472656"""
"149,""38.80516815185547"",""38.80516815185547"",""38.80516815185547"",""36.665096282958984"",""36.665096282958984"",""36.665096282958984"",""44.2860107421875"",""44.2860107421875"",""44.2860107421875"",""44.8670539855957"",""44.8670539855957"",""44.8670539855957"",""34.17578887939453"",""34.17578887939453"",""34.17578887939453"",""37.599998474121094"",""37.599998474121094"",""37.599998474121094"""
"150,""33.108062744140625"",""33.108062744140625"",""33.108062744140625"",""29.92388916015625"",""29.92388916015625"",""29.92388916015625"",""36.50175476074219"",""36.50175476074219"",""36.50175476074219"",""43.895896911621094"",""43.895896911621094"",""43.895896911621094"",""29.978660583496094"",""29.978660583496094"",""29.978660583496094"",""36.13999938964844"",""36.13999938964844"",""36.13999938964844"""
"151,""28.505756378173828"",""28.505756378173828"",""28.505756378173828"",""25.674053192138672"",""25.674053192138672"",""25.674053192138672"",""31.648563385009766"",""31.648563385009766"",""31.648563385009766"",""43.15946960449219"",""43.15946960449219"",""43.15946960449219"",""27.9462833404541"",""27.9462833404541"",""27.9462833404541"",""30.639999389648438"",""30.639999389648438"",""30.639999389648438"""
"152,""25.652477264404297"",""25.652477264404297"",""25.652477264404297"",""22.914520263671875"",""22.914520263671875"",""22.914520263671875"",""30.33323097229004"",""30.33323097229004"",""30.33323097229004"",""42.0028076171875"",""42.0028076171875"",""42.0028076171875"",""27.12435531616211"",""27.12435531616211"",""27.12435531616211"",""27.600000381469727"",""27.600000381469727"",""27.600000381469727"""
"153,""22.269453048706055"",""22.269453048706055"",""22.269453048706055"",""20.435588836669922"",""20.435588836669922"",""20.435588836669922"",""24.415014266967773"",""24.415014266967773"",""24.415014266967773"",""33.76958465576172"",""33.76958465576172"",""33.76958465576172"",""23.744762420654297"",""23.744762420654297"",""23.744762420654297"",""25.219999313354492"",""25.219999313354492"",""25.219999313354492"""
"154,""22.675048828125"",""22.675048828125"",""22.675048828125"",""20.54730224609375"",""20.54730224609375"",""20.54730224609375"",""23.777631759643555"",""23.777631759643555"",""23.777631759643555"",""29.18637466430664"",""29.18637466430664"",""29.18637466430664"",""23.688060760498047"",""23.688060760498047"",""23.688060760498047"",""24.68000030517578"",""24.68000030517578"",""24.68000030517578"""
"155,""22.943078994750977"",""22.943078994750977"",""22.943078994750977"",""20.988666534423828"",""20.988666534423828"",""20.988666534423828"",""23.974103927612305"",""23.974103927612305"",""23.974103927612305"",""26.801301956176758"",""26.801301956176758"",""26.801301956176758"",""24.072694778442383"",""24.072694778442383"",""24.072694778442383"",""21.540000915527344"",""21.540000915527344"",""21.540000915527344"""
"156,""23.570241928100586"",""23.570241928100586"",""23.570241928100586"",""22.03133773803711"",""22.03133773803711"",""22.03133773803711"",""24.511951446533203"",""24.511951446533203"",""24.511951446533203"",""25.534658432006836"",""25.534658432006836"",""25.534658432006836"",""24.72441291809082"",""24.72441291809082"",""24.72441291809082"",""22.520000457763672"",""22.520000457763672"",""22.520000457763672"""
"157,""24.133338928222656"",""24.133338928222656"",""24.133338928222656"",""22.889610290527344"",""22.889610290527344"",""22.889610290527344"",""25.0448055267334"",""25.0448055267334"",""25.0448055267334"",""24.932600021362305"",""24.932600021362305"",""24.932600021362305"",""24.88164710998535"",""24.88164710998535"",""24.88164710998535"",""23.190000534057617"",""23.190000534057617"",""23.190000534057617"""
"158,""23.23470115661621"",""23.23470115661621"",""23.23470115661621"",""21.66812515258789"",""21.66812515258789"",""21.66812515258789"",""24.9456787109375"",""24.9456787109375"",""24.9456787109375"",""24.3138370513916"",""24.3138370513916"",""24.3138370513916"",""24.216615676879883"",""24.216615676879883"",""24.216615676879883"",""20.639999389648438"",""20.639999389648438"",""20.639999389648438"""
"159,""21.58228874206543"",""21.58228874206543"",""21.58228874206543"",""19.786766052246094"",""19.786766052246094"",""19.786766052246094"",""24.08770179748535"",""24.08770179748535"",""24.08770179748535"",""22.823415756225586"",""22.823415756225586"",""22.823415756225586"",""22.960525512695312"",""22.960525512695312"",""22.960525512695312"",""14.109999656677246"",""14.109999656677246"",""14.109999656677246"""
"160,""20.359006881713867"",""20.359006881713867"",""20.359006881713867"",""17.83917999267578"",""17.83917999267578"",""17.83917999267578"",""21.54616355895996"",""21.54616355895996"",""21.54616355895996"",""22.542558670043945"",""22.542558670043945"",""22.542558670043945"",""20.669389724731445"",""20.669389724731445"",""20.669389724731445"",""13.050000190734863"",""13.050000190734863"",""13.050000190734863"""
"161,""20.02827262878418"",""20.02827262878418"",""20.02827262878418"",""17.257465362548828"",""17.257465362548828"",""17.257465362548828"",""19.4658203125"",""19.4658203125"",""19.4658203125"",""21.23655128479004"",""21.23655128479004"",""21.23655128479004"",""19.257755279541016"",""19.257755279541016"",""19.257755279541016"",""14.029999732971191"",""14.029999732971191"",""14.029999732971191"""
"162,""27.989274978637695"",""27.989274978637695"",""27.989274978637695"",""23.274620056152344"",""23.274620056152344"",""23.274620056152344"",""24.49046516418457"",""24.49046516418457"",""24.49046516418457"",""27.053340911865234"",""27.053340911865234"",""27.053340911865234"",""25.071243286132812"",""25.071243286132812"",""25.071243286132812"",""16.799999237060547"",""16.799999237060547"",""16.799999237060547"""
"163,""27.860837936401367"",""27.860837936401367"",""27.860837936401367"",""25.147613525390625"",""25.147613525390625"",""25.147613525390625"",""24.47092628479004"",""24.47092628479004"",""24.47092628479004"",""26.767051696777344"",""26.767051696777344"",""26.767051696777344"",""24.891185760498047"",""24.891185760498047"",""24.891185760498047"",""19.729999542236328"",""19.729999542236328"",""19.729999542236328"""
"164,""25.13263511657715"",""25.13263511657715"",""25.13263511657715"",""23.366676330566406"",""23.366676330566406"",""23.366676330566406"",""24.2362003326416"",""24.2362003326416"",""24.2362003326416"",""26.93203353881836"",""26.93203353881836"",""26.93203353881836"",""23.396961212158203"",""23.396961212158203"",""23.396961212158203"",""21.809999465942383"",""21.809999465942383"",""21.809999465942383"""
"165,""23.918651580810547"",""23.918651580810547"",""23.918651580810547"",""21.91100311279297"",""21.91100311279297"",""21.91100311279297"",""23.71454429626465"",""23.71454429626465"",""23.71454429626465"",""27.8020076751709"",""27.8020076751709"",""27.8020076751709"",""22.483366012573242"",""22.483366012573242"",""22.483366012573242"",""23.510000228881836"",""23.510000228881836"",""23.510000228881836"""
"166,""23.99309730529785"",""23.99309730529785"",""23.99309730529785"",""21.36358642578125"",""21.36358642578125"",""21.36358642578125"",""22.38848114013672"",""22.38848114013672"",""22.38848114013672"",""31.490524291992188"",""31.490524291992188"",""31.490524291992188"",""24.037416458129883"",""24.037416458129883"",""24.037416458129883"",""27.079999923706055"",""27.079999923706055"",""27.079999923706055"""
"167,""24.213499069213867"",""24.213499069213867"",""24.213499069213867"",""21.199691772460938"",""21.199691772460938"",""21.199691772460938"",""21.613435745239258"",""21.613435745239258"",""21.613435745239258"",""34.12797927856445"",""34.12797927856445"",""34.12797927856445"",""26.685216903686523"",""26.685216903686523"",""26.685216903686523"",""30.559999465942383"",""30.559999465942383"",""30.559999465942383"""
